[Chromatik 2025/09/22 14:59:08] Starting Chromatik version 1.1.0
[Chromatik 2025/09/22 14:59:08] Running java 21.0.6 Eclipse Adoptium Mac OS X 14.5 aarch64
[Chromatik 2025/09/22 14:59:08] Licensed to Ben Rotter <benjrotter@gmail.com> - version 1.0.0 FREE - heronarts.lx.core
[GLX 2025/09/22 14:59:09] GLX monitorWorkarea: size(1470x918), pos(x:0,y:38)
[GLX 2025/09/22 14:59:09] GLX createWindow: 1470x890
[GLX 2025/09/22 14:59:09] GLX systemContentScale: 2.0x2.0
[GLX 2025/09/22 14:59:09] GLX windowSize: 1470x890
[GLX 2025/09/22 14:59:09] GLX setWindowPos: 0,66
[GLX 2025/09/22 14:59:09] GLX framebufferSize: 2940x1780
[GLX 2025/09/22 14:59:09] GLX uiSize: 1470.0x890.0
[GLX 2025/09/22 14:59:09] GLX cursorScale: 1.0x1.0
[GLX 2025/09/22 14:59:09] Using BGFX renderer: Metal
[GLX 2025/09/22 14:59:09] Starting LX Engine...
[LX 2025/09/22 14:59:09] LXEngine.ExecutorService starting...
[GLX 2025/09/22 14:59:09] Bootstrap complete, running main loop.
[LX 2025/09/22 14:59:09] Opening project file: /Users/ben/Chromatik/Projects/Blinkydome2025_asdf.lxp
[GLX 2025/09/22 14:59:09] Framebuffer had to initialize itself before a bind() call ever occurred - UILoading
java.lang.Exception
	at heronarts.glx.ui.vg.VGraphics$Framebuffer.initialize(VGraphics.java:294)
	at heronarts.glx.ui.UI2dContext.draw(UI2dContext.java:104)
	at heronarts.glx.ui.UI$UIRoot.draw(UI.java:372)
	at heronarts.glx.ui.UI.draw(UI.java:1064)
	at heronarts.glx.GLX.draw(GLX.java:782)
	at heronarts.glx.GLX.loop(GLX.java:733)
	at heronarts.glx.GLX.run(GLX.java:276)
	at heronarts.lx.studio.Chromatik.main(Chromatik.java:349)
[LX 2025/09/22 14:59:09] Started audio input thread: Default Audio Device
[LX 2025/09/22 14:59:14] Started audio input thread: Evil Chicken Microphone
[LX 2025/09/22 14:59:14] Project loaded successfully from /Users/ben/Chromatik/Projects/Blinkydome2025_asdf.lxp
[LX 2025/09/22 14:59:14] [I/O] Network output is disabled due to license restrictions.
[GLX 2025/09/22 14:59:14] Framebuffer had to initialize itself before a bind() call ever occurred - UIRestrictions
java.lang.Exception
	at heronarts.glx.ui.vg.VGraphics$Framebuffer.initialize(VGraphics.java:294)
	at heronarts.glx.ui.UI2dContext.draw(UI2dContext.java:104)
	at heronarts.glx.ui.UI$UIRoot.draw(UI.java:372)
	at heronarts.glx.ui.UI.draw(UI.java:1064)
	at heronarts.glx.GLX.draw(GLX.java:782)
	at heronarts.glx.GLX.loop(GLX.java:733)
	at heronarts.glx.GLX.run(GLX.java:276)
	at heronarts.lx.studio.Chromatik.main(Chromatik.java:349)
[LX 2025/09/22 14:59:28] Started audio input thread: VB-Cable
[LX 2025/09/22 14:59:28] Invalid view in snapshot: {"scope":"MODULATION","type":"PARAMETER","enabled":true,"parameterPath":"/lx/modulation/modulator/1/midiSource/name","normalizedValue":0.0}
java.lang.NullPointerException: Cannot invoke "com.google.gson.JsonElement.getAsString()" because "value" is null
	at heronarts.lx.snapshot.LXSnapshot$ParameterView.<init>(LXSnapshot.java:267)
	at heronarts.lx.snapshot.LXSnapshot.addView(LXSnapshot.java:698)
	at heronarts.lx.snapshot.LXSnapshot.load(LXSnapshot.java:789)
	at heronarts.lx.snapshot.LXSnapshotEngine.load(LXSnapshotEngine.java:770)
	at heronarts.lx.LXComponent.load(LXComponent.java:1490)
	at heronarts.lx.LXEngine.load(LXEngine.java:1482)
	at heronarts.lx.LX._openProject(LX.java:1196)
	at heronarts.lx.LX.openProject(LX.java:1175)
	at heronarts.glx.GLX.lambda$20(GLX.java:865)
	at heronarts.glx.GLX.lambda$27(GLX.java:991)
	at heronarts.lx.LXEngine._run(LXEngine.java:1162)
	at heronarts.lx.LXEngine.run(LXEngine.java:1062)
	at heronarts.lx.LXEngine$ExecutorService.runLoop(LXEngine.java:727)
	at java.base/java.util.concurrent.Executors$RunnableAdapter.call(Unknown Source)
	at java.base/java.util.concurrent.FutureTask.runAndReset(Unknown Source)
	at java.base/java.util.concurrent.ScheduledThreadPoolExecutor$ScheduledFutureTask.run(Unknown Source)
	at java.base/java.util.concurrent.ThreadPoolExecutor.runWorker(Unknown Source)
	at java.base/java.util.concurrent.ThreadPoolExecutor$Worker.run(Unknown Source)
	at java.base/java.lang.Thread.run(Unknown Source)
[LX 2025/09/22 14:59:28] Invalid view in snapshot: {"scope":"MODULATION","type":"PARAMETER","enabled":true,"parameterPath":"/lx/modulation/modulator/2/midiSource/name","normalizedValue":0.0}
java.lang.NullPointerException: Cannot invoke "com.google.gson.JsonElement.getAsString()" because "value" is null
	at heronarts.lx.snapshot.LXSnapshot$ParameterView.<init>(LXSnapshot.java:267)
	at heronarts.lx.snapshot.LXSnapshot.addView(LXSnapshot.java:698)
	at heronarts.lx.snapshot.LXSnapshot.load(LXSnapshot.java:789)
	at heronarts.lx.snapshot.LXSnapshotEngine.load(LXSnapshotEngine.java:770)
	at heronarts.lx.LXComponent.load(LXComponent.java:1490)
	at heronarts.lx.LXEngine.load(LXEngine.java:1482)
	at heronarts.lx.LX._openProject(LX.java:1196)
	at heronarts.lx.LX.openProject(LX.java:1175)
	at heronarts.glx.GLX.lambda$20(GLX.java:865)
	at heronarts.glx.GLX.lambda$27(GLX.java:991)
	at heronarts.lx.LXEngine._run(LXEngine.java:1162)
	at heronarts.lx.LXEngine.run(LXEngine.java:1062)
	at heronarts.lx.LXEngine$ExecutorService.runLoop(LXEngine.java:727)
	at java.base/java.util.concurrent.Executors$RunnableAdapter.call(Unknown Source)
	at java.base/java.util.concurrent.FutureTask.runAndReset(Unknown Source)
	at java.base/java.util.concurrent.ScheduledThreadPoolExecutor$ScheduledFutureTask.run(Unknown Source)
	at java.base/java.util.concurrent.ThreadPoolExecutor.runWorker(Unknown Source)
	at java.base/java.util.concurrent.ThreadPoolExecutor$Worker.run(Unknown Source)
	at java.base/java.lang.Thread.run(Unknown Source)
[LX 2025/09/22 14:59:28] Invalid view in snapshot: {"scope":"MODULATION","type":"PARAMETER","enabled":true,"parameterPath":"/lx/modulation/modulator/4/midiSource/name","normalizedValue":0.0}
java.lang.NullPointerException: Cannot invoke "com.google.gson.JsonElement.getAsString()" because "value" is null
	at heronarts.lx.snapshot.LXSnapshot$ParameterView.<init>(LXSnapshot.java:267)
	at heronarts.lx.snapshot.LXSnapshot.addView(LXSnapshot.java:698)
	at heronarts.lx.snapshot.LXSnapshot.load(LXSnapshot.java:789)
	at heronarts.lx.snapshot.LXSnapshotEngine.load(LXSnapshotEngine.java:770)
	at heronarts.lx.LXComponent.load(LXComponent.java:1490)
	at heronarts.lx.LXEngine.load(LXEngine.java:1482)
	at heronarts.lx.LX._openProject(LX.java:1196)
	at heronarts.lx.LX.openProject(LX.java:1175)
	at heronarts.glx.GLX.lambda$20(GLX.java:865)
	at heronarts.glx.GLX.lambda$27(GLX.java:991)
	at heronarts.lx.LXEngine._run(LXEngine.java:1162)
	at heronarts.lx.LXEngine.run(LXEngine.java:1062)
	at heronarts.lx.LXEngine$ExecutorService.runLoop(LXEngine.java:727)
	at java.base/java.util.concurrent.Executors$RunnableAdapter.call(Unknown Source)
	at java.base/java.util.concurrent.FutureTask.runAndReset(Unknown Source)
	at java.base/java.util.concurrent.ScheduledThreadPoolExecutor$ScheduledFutureTask.run(Unknown Source)
	at java.base/java.util.concurrent.ThreadPoolExecutor.runWorker(Unknown Source)
	at java.base/java.util.concurrent.ThreadPoolExecutor$Worker.run(Unknown Source)
	at java.base/java.lang.Thread.run(Unknown Source)
[LX 2025/09/22 14:59:28] Invalid view in snapshot: {"scope":"MODULATION","type":"PARAMETER","enabled":true,"parameterPath":"/lx/modulation/modulator/7/midiSource/name","normalizedValue":0.0}
java.lang.NullPointerException: Cannot invoke "com.google.gson.JsonElement.getAsString()" because "value" is null
	at heronarts.lx.snapshot.LXSnapshot$ParameterView.<init>(LXSnapshot.java:267)
	at heronarts.lx.snapshot.LXSnapshot.addView(LXSnapshot.java:698)
	at heronarts.lx.snapshot.LXSnapshot.load(LXSnapshot.java:789)
	at heronarts.lx.snapshot.LXSnapshotEngine.load(LXSnapshotEngine.java:770)
	at heronarts.lx.LXComponent.load(LXComponent.java:1490)
	at heronarts.lx.LXEngine.load(LXEngine.java:1482)
	at heronarts.lx.LX._openProject(LX.java:1196)
	at heronarts.lx.LX.openProject(LX.java:1175)
	at heronarts.glx.GLX.lambda$20(GLX.java:865)
	at heronarts.glx.GLX.lambda$27(GLX.java:991)
	at heronarts.lx.LXEngine._run(LXEngine.java:1162)
	at heronarts.lx.LXEngine.run(LXEngine.java:1062)
	at heronarts.lx.LXEngine$ExecutorService.runLoop(LXEngine.java:727)
	at java.base/java.util.concurrent.Executors$RunnableAdapter.call(Unknown Source)
	at java.base/java.util.concurrent.FutureTask.runAndReset(Unknown Source)
	at java.base/java.util.concurrent.ScheduledThreadPoolExecutor$ScheduledFutureTask.run(Unknown Source)
	at java.base/java.util.concurrent.ThreadPoolExecutor.runWorker(Unknown Source)
	at java.base/java.util.concurrent.ThreadPoolExecutor$Worker.run(Unknown Source)
	at java.base/java.lang.Thread.run(Unknown Source)
[LX 2025/09/22 14:59:28] Project loaded successfully from /Users/ben/Chromatik/Projects/Blinkydome2025_coooool.lxp
[LX 2025/09/30 14:39:06] Project saved successfully to /Users/ben/Chromatik/Projects/Blinkydome2025_oct.lxp
[LX 2025/09/30 14:39:16] Invalid view in snapshot: {"scope":"MODULATION","type":"PARAMETER","enabled":true,"parameterPath":"/lx/modulation/modulator/1/midiSource/name","normalizedValue":0.0}
java.lang.NullPointerException: Cannot invoke "com.google.gson.JsonElement.getAsString()" because "value" is null
	at heronarts.lx.snapshot.LXSnapshot$ParameterView.<init>(LXSnapshot.java:267)
	at heronarts.lx.snapshot.LXSnapshot.addView(LXSnapshot.java:698)
	at heronarts.lx.snapshot.LXSnapshot.load(LXSnapshot.java:789)
	at heronarts.lx.snapshot.LXSnapshotEngine.load(LXSnapshotEngine.java:770)
	at heronarts.lx.LXComponent.load(LXComponent.java:1490)
	at heronarts.lx.LXEngine.load(LXEngine.java:1482)
	at heronarts.lx.LX._openProject(LX.java:1196)
	at heronarts.lx.LX.openProject(LX.java:1175)
	at heronarts.glx.GLX.lambda$20(GLX.java:865)
	at heronarts.glx.GLX.lambda$27(GLX.java:991)
	at heronarts.lx.LXEngine._run(LXEngine.java:1162)
	at heronarts.lx.LXEngine.run(LXEngine.java:1062)
	at heronarts.lx.LXEngine$ExecutorService.runLoop(LXEngine.java:727)
	at java.base/java.util.concurrent.Executors$RunnableAdapter.call(Unknown Source)
	at java.base/java.util.concurrent.FutureTask.runAndReset(Unknown Source)
	at java.base/java.util.concurrent.ScheduledThreadPoolExecutor$ScheduledFutureTask.run(Unknown Source)
	at java.base/java.util.concurrent.ThreadPoolExecutor.runWorker(Unknown Source)
	at java.base/java.util.concurrent.ThreadPoolExecutor$Worker.run(Unknown Source)
	at java.base/java.lang.Thread.run(Unknown Source)
[LX 2025/09/30 14:39:16] Invalid view in snapshot: {"scope":"MODULATION","type":"PARAMETER","enabled":true,"parameterPath":"/lx/modulation/modulator/2/midiSource/name","normalizedValue":0.0}
java.lang.NullPointerException: Cannot invoke "com.google.gson.JsonElement.getAsString()" because "value" is null
	at heronarts.lx.snapshot.LXSnapshot$ParameterView.<init>(LXSnapshot.java:267)
	at heronarts.lx.snapshot.LXSnapshot.addView(LXSnapshot.java:698)
	at heronarts.lx.snapshot.LXSnapshot.load(LXSnapshot.java:789)
	at heronarts.lx.snapshot.LXSnapshotEngine.load(LXSnapshotEngine.java:770)
	at heronarts.lx.LXComponent.load(LXComponent.java:1490)
	at heronarts.lx.LXEngine.load(LXEngine.java:1482)
	at heronarts.lx.LX._openProject(LX.java:1196)
	at heronarts.lx.LX.openProject(LX.java:1175)
	at heronarts.glx.GLX.lambda$20(GLX.java:865)
	at heronarts.glx.GLX.lambda$27(GLX.java:991)
	at heronarts.lx.LXEngine._run(LXEngine.java:1162)
	at heronarts.lx.LXEngine.run(LXEngine.java:1062)
	at heronarts.lx.LXEngine$ExecutorService.runLoop(LXEngine.java:727)
	at java.base/java.util.concurrent.Executors$RunnableAdapter.call(Unknown Source)
	at java.base/java.util.concurrent.FutureTask.runAndReset(Unknown Source)
	at java.base/java.util.concurrent.ScheduledThreadPoolExecutor$ScheduledFutureTask.run(Unknown Source)
	at java.base/java.util.concurrent.ThreadPoolExecutor.runWorker(Unknown Source)
	at java.base/java.util.concurrent.ThreadPoolExecutor$Worker.run(Unknown Source)
	at java.base/java.lang.Thread.run(Unknown Source)
[LX 2025/09/30 14:39:16] Invalid view in snapshot: {"scope":"MODULATION","type":"PARAMETER","enabled":true,"parameterPath":"/lx/modulation/modulator/4/midiSource/name","normalizedValue":0.0}
java.lang.NullPointerException: Cannot invoke "com.google.gson.JsonElement.getAsString()" because "value" is null
	at heronarts.lx.snapshot.LXSnapshot$ParameterView.<init>(LXSnapshot.java:267)
	at heronarts.lx.snapshot.LXSnapshot.addView(LXSnapshot.java:698)
	at heronarts.lx.snapshot.LXSnapshot.load(LXSnapshot.java:789)
	at heronarts.lx.snapshot.LXSnapshotEngine.load(LXSnapshotEngine.java:770)
	at heronarts.lx.LXComponent.load(LXComponent.java:1490)
	at heronarts.lx.LXEngine.load(LXEngine.java:1482)
	at heronarts.lx.LX._openProject(LX.java:1196)
	at heronarts.lx.LX.openProject(LX.java:1175)
	at heronarts.glx.GLX.lambda$20(GLX.java:865)
	at heronarts.glx.GLX.lambda$27(GLX.java:991)
	at heronarts.lx.LXEngine._run(LXEngine.java:1162)
	at heronarts.lx.LXEngine.run(LXEngine.java:1062)
	at heronarts.lx.LXEngine$ExecutorService.runLoop(LXEngine.java:727)
	at java.base/java.util.concurrent.Executors$RunnableAdapter.call(Unknown Source)
	at java.base/java.util.concurrent.FutureTask.runAndReset(Unknown Source)
	at java.base/java.util.concurrent.ScheduledThreadPoolExecutor$ScheduledFutureTask.run(Unknown Source)
	at java.base/java.util.concurrent.ThreadPoolExecutor.runWorker(Unknown Source)
	at java.base/java.util.concurrent.ThreadPoolExecutor$Worker.run(Unknown Source)
	at java.base/java.lang.Thread.run(Unknown Source)
[LX 2025/09/30 14:39:16] Invalid view in snapshot: {"scope":"MODULATION","type":"PARAMETER","enabled":true,"parameterPath":"/lx/modulation/modulator/7/midiSource/name","normalizedValue":0.0}
java.lang.NullPointerException: Cannot invoke "com.google.gson.JsonElement.getAsString()" because "value" is null
	at heronarts.lx.snapshot.LXSnapshot$ParameterView.<init>(LXSnapshot.java:267)
	at heronarts.lx.snapshot.LXSnapshot.addView(LXSnapshot.java:698)
	at heronarts.lx.snapshot.LXSnapshot.load(LXSnapshot.java:789)
	at heronarts.lx.snapshot.LXSnapshotEngine.load(LXSnapshotEngine.java:770)
	at heronarts.lx.LXComponent.load(LXComponent.java:1490)
	at heronarts.lx.LXEngine.load(LXEngine.java:1482)
	at heronarts.lx.LX._openProject(LX.java:1196)
	at heronarts.lx.LX.openProject(LX.java:1175)
	at heronarts.glx.GLX.lambda$20(GLX.java:865)
	at heronarts.glx.GLX.lambda$27(GLX.java:991)
	at heronarts.lx.LXEngine._run(LXEngine.java:1162)
	at heronarts.lx.LXEngine.run(LXEngine.java:1062)
	at heronarts.lx.LXEngine$ExecutorService.runLoop(LXEngine.java:727)
	at java.base/java.util.concurrent.Executors$RunnableAdapter.call(Unknown Source)
	at java.base/java.util.concurrent.FutureTask.runAndReset(Unknown Source)
	at java.base/java.util.concurrent.ScheduledThreadPoolExecutor$ScheduledFutureTask.run(Unknown Source)
	at java.base/java.util.concurrent.ThreadPoolExecutor.runWorker(Unknown Source)
	at java.base/java.util.concurrent.ThreadPoolExecutor$Worker.run(Unknown Source)
	at java.base/java.lang.Thread.run(Unknown Source)
[LX 2025/09/30 14:39:16] Project loaded successfully from /Users/ben/Chromatik/Projects/Blinkydome2025_goingoverboard.lxp
[LX 2025/09/30 14:40:34] Project loaded successfully from /Users/ben/Chromatik/Projects/Blinkydome2025_oct.lxp
[LX 2025/10/10 10:49:44] Project saved successfully to /Users/ben/Chromatik/Projects/Blinkydome2025_oct.lxp
[LX 2025/10/10 11:01:47] Project saved successfully to /Users/ben/Chromatik/Projects/Blinkydome2025_oct.lxp
[LX 2025/10/10 18:01:13] Project saved successfully to /Users/ben/Chromatik/Projects/Blinkydome2025_oct.lxp
[LX 2025/10/11 17:25:19] Project saved successfully to /Users/ben/Chromatik/Projects/Blinkydome2025_oct.lxp
[LX 2025/10/11 17:39:24] Project saved successfully to /Users/ben/Chromatik/Projects/Blinkydome2025_oct.lxp
[LX 2025/10/11 17:44:14] Project saved successfully to /Users/ben/Chromatik/Projects/Blinkydome2025_oct.lxp
[LX 2025/10/11 17:51:04] Project saved successfully to /Users/ben/Chromatik/Projects/Blinkydome2025_oct.lxp
[LX 2025/10/11 18:05:25] Project saved successfully to /Users/ben/Chromatik/Projects/Blinkydome2025_oct.lxp
[LX 2025/10/11 18:10:21] Project saved successfully to /Users/ben/Chromatik/Projects/Blinkydome2025_oct.lxp
[LX 2025/10/11 18:24:26] Project saved successfully to /Users/ben/Chromatik/Projects/Blinkydome2025_oct.lxp
[LX 2025/10/13 17:36:38] Started audio input thread: MacBook Air Microphone
[LX 2025/10/13 17:36:40] Started audio input thread: VB-Cable
[LX 2025/10/14 00:34:29] Project saved successfully to /Users/ben/Chromatik/Projects/Blinkydome2025_oct.lxp
[LX 2025/10/14 00:47:40] Project saved successfully to /Users/ben/Chromatik/Projects/Blinkydome2025_oct.lxp
[LX 2025/10/14 00:53:26] Project saved successfully to /Users/ben/Chromatik/Projects/Blinkydome2025_oct.lxp
[LX 2025/10/16 00:52:57] Started audio input thread: Default Audio Device
[LX 2025/10/16 00:52:58] Started audio input thread: VB-Cable
[LX 2025/10/16 09:21:41] Project saved successfully to /Users/ben/Chromatik/Projects/Blinkydome2025_oct.lxp
[LX 2025/10/16 09:24:03] Project saved successfully to /Users/ben/Chromatik/Projects/Blinkydome2025_oct.lxp
[LX 2025/10/17 22:13:13] Project saved successfully to /Users/ben/Chromatik/Projects/Blinkydome2025_slac.lxp
[LX 2025/10/17 22:55:39] Project saved successfully to /Users/ben/Chromatik/Projects/Blinkydome2025_slac.lxp
[LX 2025/10/17 23:48:22] Project saved successfully to /Users/ben/Chromatik/Projects/Blinkydome2025_slac.lxp
[LX 2025/10/20 17:00:31] Project saved successfully to /Users/ben/Chromatik/Projects/Blinkydome2025_slac.lxp
[LX 2025/10/20 17:00:33] [I/O] Network output restored.
[LX 2025/10/20 17:03:53] [I/O] Network output is disabled due to license restrictions.
[LX 2025/10/20 17:04:03] [I/O] Network output restored.
[LX 2025/10/20 17:04:14] Project loaded successfully from /Users/ben/Chromatik/Projects/Blinkydome2025_slac.lxp
[LX 2025/10/20 17:04:14] [I/O] Network output is disabled due to license restrictions.
[LX 2025/10/20 17:09:31] Project loaded successfully from /Users/ben/Chromatik/Projects/Blinkydome2025_slac.lxp
[LX 2025/10/20 17:10:04] Project loaded successfully from /Users/ben/Chromatik/Projects/Blinkydome2025_slac.lxp
[LX 2025/10/20 20:18:42] Fixture Examples/Fan.lxf: Strip may not specify a negative spacing
[LX 2025/10/20 20:18:42] Fixture Examples/Fan.lxf: Strip may not specify a negative spacing
[LX 2025/10/20 20:18:42] Fixture Examples/Fan.lxf: Strip may not specify a negative spacing
[LX 2025/10/20 20:18:42] Fixture Examples/Fan.lxf: Strip may not specify a negative spacing
[LX 2025/10/20 20:18:42] Fixture Examples/Fan.lxf: Strip may not specify a negative spacing
[LX 2025/10/20 20:18:42] Fixture Examples/Fan.lxf: Strip may not specify a negative spacing
[LX 2025/10/20 20:18:42] Fixture Examples/Fan.lxf: Strip may not specify a negative spacing
[LX 2025/10/20 20:18:42] Fixture Examples/Fan.lxf: Strip may not specify a negative spacing
[LX 2025/10/20 20:18:42] Fixture Examples/Fan.lxf: Strip may not specify a negative spacing
[LX 2025/10/20 20:18:42] Fixture Examples/Fan.lxf: Strip may not specify a negative spacing
[LX 2025/10/20 20:18:42] Fixture Examples/Fan.lxf: Strip may not specify a negative spacing
[LX 2025/10/20 20:18:42] Fixture Examples/Fan.lxf: Strip may not specify a negative spacing
[LX 2025/10/20 20:18:42] Fixture Examples/Fan.lxf: Strip may not specify a negative spacing
[LX 2025/10/20 20:18:42] Fixture Examples/Fan.lxf: Strip may not specify a negative spacing
[LX 2025/10/20 20:18:42] Fixture Examples/Fan.lxf: Strip may not specify a negative spacing
[LX 2025/10/20 20:18:42] Fixture Examples/Fan.lxf: Strip may not specify a negative spacing
[LX 2025/10/20 20:18:42] Fixture Examples/Fan.lxf: Strip may not specify a negative spacing
[LX 2025/10/20 20:18:42] Fixture Examples/Fan.lxf: Strip may not specify a negative spacing
[LX 2025/10/20 20:18:42] Fixture Examples/Fan.lxf: Strip may not specify a negative spacing
[LX 2025/10/20 20:18:42] Fixture Examples/Fan.lxf: Strip may not specify a negative spacing
[LX 2025/10/20 20:18:42] Fixture Examples/Fan.lxf: Strip may not specify a negative spacing
[LX 2025/10/20 20:18:42] Fixture Examples/Fan.lxf: Strip may not specify a negative spacing
[LX 2025/10/20 20:18:42] Fixture Examples/Fan.lxf: Strip may not specify a negative spacing
[LX 2025/10/20 20:18:42] Fixture Examples/Fan.lxf: Strip may not specify a negative spacing
[LX 2025/10/20 20:18:42] Fixture Examples/Fan.lxf: Strip may not specify a negative spacing
[LX 2025/10/20 20:18:42] Fixture Examples/Fan.lxf: Strip may not specify a negative spacing
[LX 2025/10/20 20:18:42] Fixture Examples/Fan.lxf: Strip may not specify a negative spacing
[LX 2025/10/20 20:18:42] Fixture Examples/Fan.lxf: Strip may not specify a negative spacing
[LX 2025/10/20 20:18:42] Fixture Examples/Fan.lxf: Strip may not specify a negative spacing
[LX 2025/10/20 20:18:42] Fixture Examples/Fan.lxf: Strip may not specify a negative spacing
[LX 2025/10/20 20:18:42] Fixture Examples/Fan.lxf: Strip may not specify a negative spacing
[LX 2025/10/20 20:18:42] Fixture Examples/Fan.lxf: Strip may not specify a negative spacing
[LX 2025/10/20 20:18:42] Fixture Examples/Fan.lxf: Strip may not specify a negative spacing
[LX 2025/10/20 20:18:42] Fixture Examples/Fan.lxf: Strip may not specify a negative spacing
[LX 2025/10/20 20:18:42] Fixture Examples/Fan.lxf: Strip may not specify a negative spacing
[LX 2025/10/20 20:18:42] Fixture Examples/Fan.lxf: Strip may not specify a negative spacing
[LX 2025/10/20 20:18:42] Fixture Examples/Fan.lxf: Strip may not specify a negative spacing
[LX 2025/10/20 20:18:42] Fixture Examples/Fan.lxf: Strip may not specify a negative spacing
[LX 2025/10/20 20:18:42] Fixture Examples/Fan.lxf: Strip may not specify a negative spacing
[LX 2025/10/20 20:18:42] Fixture Examples/Fan.lxf: Strip may not specify a negative spacing
[LX 2025/10/20 20:18:42] Fixture Examples/Fan.lxf: Strip may not specify a negative spacing
[LX 2025/10/20 20:18:42] Fixture Examples/Fan.lxf: Strip may not specify a negative spacing
[LX 2025/10/20 20:18:42] Fixture Examples/Fan.lxf: Strip may not specify a negative spacing
[LX 2025/10/20 20:18:42] Fixture Examples/Fan.lxf: Strip may not specify a negative spacing
[LX 2025/10/20 20:18:42] Fixture Examples/Fan.lxf: Strip may not specify a negative spacing
[LX 2025/10/20 20:18:42] Fixture Examples/Fan.lxf: Strip may not specify a negative spacing
[LX 2025/10/20 20:18:42] Fixture Examples/Fan.lxf: Strip may not specify a negative spacing
[LX 2025/10/20 20:18:42] Fixture Examples/Fan.lxf: Strip may not specify a negative spacing
[LX 2025/10/20 20:18:42] Fixture Examples/Fan.lxf: Strip may not specify a negative spacing
[LX 2025/10/20 20:18:42] Fixture Examples/Fan.lxf: Strip may not specify a negative spacing
[LX 2025/10/20 20:18:42] Fixture Examples/Fan.lxf: Strip may not specify a negative spacing
[LX 2025/10/20 20:18:42] Fixture Examples/Fan.lxf: Strip may not specify a negative spacing
[LX 2025/10/20 20:18:42] Fixture Examples/Fan.lxf: Strip may not specify a negative spacing
[LX 2025/10/20 20:18:42] Fixture Examples/Fan.lxf: Strip may not specify a negative spacing
[LX 2025/10/20 20:18:42] Fixture Examples/Fan.lxf: Strip may not specify a negative spacing
[LX 2025/10/20 20:18:42] Fixture Examples/Fan.lxf: Strip may not specify a negative spacing
[LX 2025/10/20 20:18:42] Fixture Examples/Fan.lxf: Strip may not specify a negative spacing
[LX 2025/10/20 20:18:42] Fixture Examples/Fan.lxf: Strip may not specify a negative spacing
[LX 2025/10/20 20:18:42] Fixture Examples/Fan.lxf: Strip may not specify a negative spacing
[LX 2025/10/20 20:18:42] Fixture Examples/Fan.lxf: Strip may not specify a negative spacing
[LX 2025/10/20 20:18:42] Fixture Examples/Fan.lxf: Strip may not specify a negative spacing
[LX 2025/10/20 20:18:42] Fixture Examples/Fan.lxf: Strip may not specify a negative spacing
[LX 2025/10/20 20:18:42] Fixture Examples/Fan.lxf: Strip may not specify a negative spacing
[LX 2025/10/20 20:18:42] Fixture Examples/Fan.lxf: Strip may not specify a negative spacing
[LX 2025/10/20 20:18:42] Fixture Examples/Fan.lxf: Strip may not specify a negative spacing
[LX 2025/10/20 20:18:42] Fixture Examples/Fan.lxf: Strip may not specify a negative spacing
[LX 2025/10/20 20:18:42] Fixture Examples/Fan.lxf: Strip may not specify a negative spacing
[LX 2025/10/20 20:18:42] Fixture Examples/Fan.lxf: Strip may not specify a negative spacing
[LX 2025/10/20 20:18:42] Fixture Examples/Fan.lxf: Strip may not specify a negative spacing
[LX 2025/10/20 20:18:42] Fixture Examples/Fan.lxf: Strip may not specify a negative spacing
[LX 2025/10/20 20:18:42] Fixture Examples/Fan.lxf: Strip may not specify a negative spacing
[LX 2025/10/20 20:18:42] Fixture Examples/Fan.lxf: Strip may not specify a negative spacing
[LX 2025/10/20 20:18:42] Fixture Examples/Fan.lxf: Strip may not specify a negative spacing
[LX 2025/10/20 20:18:42] Fixture Examples/Fan.lxf: Strip may not specify a negative spacing
[LX 2025/10/20 20:18:42] Fixture Examples/Fan.lxf: Strip may not specify a negative spacing
[LX 2025/10/20 20:18:42] Fixture Examples/Fan.lxf: Strip may not specify a negative spacing
[LX 2025/10/20 20:18:42] Fixture Examples/Fan.lxf: Strip may not specify a negative spacing
[LX 2025/10/20 20:18:42] Fixture Examples/Fan.lxf: Strip may not specify a negative spacing
[LX 2025/10/20 20:18:42] Fixture Examples/Fan.lxf: Strip may not specify a negative spacing
[LX 2025/10/20 20:18:42] Fixture Examples/Fan.lxf: Strip may not specify a negative spacing
[LX 2025/10/20 20:18:42] Fixture Examples/Fan.lxf: Strip may not specify a negative spacing
[LX 2025/10/20 20:18:42] Fixture Examples/Fan.lxf: Strip may not specify a negative spacing
[LX 2025/10/20 20:18:42] Fixture Examples/Fan.lxf: Strip may not specify a negative spacing
[LX 2025/10/20 20:18:42] Fixture Examples/Fan.lxf: Strip may not specify a negative spacing
[LX 2025/10/20 20:18:42] Fixture Examples/Fan.lxf: Strip may not specify a negative spacing
[LX 2025/10/20 20:18:42] Fixture Examples/Fan.lxf: Strip may not specify a negative spacing
[LX 2025/10/20 20:18:42] Fixture Examples/Fan.lxf: Strip may not specify a negative spacing
[LX 2025/10/20 20:18:42] Fixture Examples/Fan.lxf: Strip may not specify a negative spacing
[LX 2025/10/20 20:18:42] Fixture Examples/Fan.lxf: Strip may not specify a negative spacing
[LX 2025/10/20 20:18:42] Fixture Examples/Fan.lxf: Strip may not specify a negative spacing
[LX 2025/10/20 20:18:42] Fixture Examples/Fan.lxf: Strip may not specify a negative spacing
[LX 2025/10/20 20:18:42] Fixture Examples/Fan.lxf: Strip may not specify a negative spacing
[LX 2025/10/20 20:18:42] Fixture Examples/Fan.lxf: Strip may not specify a negative spacing
[LX 2025/10/20 20:18:42] Fixture Examples/Fan.lxf: Strip may not specify a negative spacing
[LX 2025/10/20 20:18:42] Fixture Examples/Fan.lxf: Strip may not specify a negative spacing
[LX 2025/10/20 20:18:42] Fixture Examples/Fan.lxf: Strip may not specify a negative spacing
[LX 2025/10/20 20:18:42] Fixture Examples/Fan.lxf: Strip may not specify a negative spacing
[LX 2025/10/20 20:18:42] Fixture Examples/Fan.lxf: Strip may not specify a negative spacing
[LX 2025/10/20 20:18:42] Fixture Examples/Fan.lxf: Strip may not specify a negative spacing
[LX 2025/10/20 20:18:42] Fixture Examples/Fan.lxf: Strip may not specify a negative spacing
[LX 2025/10/20 20:18:42] Fixture Examples/Fan.lxf: Strip may not specify a negative spacing
[LX 2025/10/20 20:18:42] Fixture Examples/Fan.lxf: Strip may not specify a negative spacing
[LX 2025/10/20 20:18:42] Fixture Examples/Fan.lxf: Strip may not specify a negative spacing
[LX 2025/10/20 20:18:42] Fixture Examples/Fan.lxf: Strip may not specify a negative spacing
[LX 2025/10/20 20:18:42] Fixture Examples/Fan.lxf: Strip may not specify a negative spacing
[LX 2025/10/20 20:18:42] Fixture Examples/Fan.lxf: Strip may not specify a negative spacing
[LX 2025/10/20 20:18:42] Fixture Examples/Fan.lxf: Strip may not specify a negative spacing
[LX 2025/10/20 20:18:42] Fixture Examples/Fan.lxf: Strip may not specify a negative spacing
[LX 2025/10/20 20:18:42] Fixture Examples/Fan.lxf: Strip may not specify a negative spacing
[LX 2025/10/20 20:18:42] Fixture Examples/Fan.lxf: Strip may not specify a negative spacing
[LX 2025/10/20 20:18:42] Fixture Examples/Fan.lxf: Strip may not specify a negative spacing
[LX 2025/10/20 20:18:42] Fixture Examples/Fan.lxf: Strip may not specify a negative spacing
[LX 2025/10/20 20:18:42] Fixture Examples/Fan.lxf: Strip may not specify a negative spacing
[LX 2025/10/20 20:18:42] Fixture Examples/Fan.lxf: Strip may not specify a negative spacing
[LX 2025/10/20 20:18:42] Fixture Examples/Fan.lxf: Strip may not specify a negative spacing
[LX 2025/10/20 20:18:42] Fixture Examples/Fan.lxf: Strip may not specify a negative spacing
[LX 2025/10/20 20:18:42] Fixture Examples/Fan.lxf: Strip may not specify a negative spacing
[LX 2025/10/20 20:18:42] Fixture Examples/Fan.lxf: Strip may not specify a negative spacing
[LX 2025/10/20 20:18:42] Fixture Examples/Fan.lxf: Strip may not specify a negative spacing
[LX 2025/10/20 20:18:42] Fixture Examples/Fan.lxf: Strip may not specify a negative spacing
[LX 2025/10/20 20:18:42] Fixture Examples/Fan.lxf: Strip may not specify a negative spacing
[LX 2025/10/20 20:18:42] Fixture Examples/Fan.lxf: Strip may not specify a negative spacing
[LX 2025/10/20 20:18:42] Fixture Examples/Fan.lxf: Strip may not specify a negative spacing
[LX 2025/10/20 20:18:42] Fixture Examples/Fan.lxf: Strip may not specify a negative spacing
[LX 2025/10/20 20:18:42] Fixture Examples/Fan.lxf: Strip may not specify a negative spacing
[LX 2025/10/20 20:18:42] Fixture Examples/Fan.lxf: Strip may not specify a negative spacing
[LX 2025/10/20 20:18:42] Fixture Examples/Fan.lxf: Strip may not specify a negative spacing
[LX 2025/10/20 20:18:42] Fixture Examples/Fan.lxf: Strip may not specify a negative spacing
[LX 2025/10/20 20:18:42] Fixture Examples/Fan.lxf: Strip may not specify a negative spacing
[LX 2025/10/20 20:18:42] Fixture Examples/Fan.lxf: Strip may not specify a negative spacing
[LX 2025/10/20 20:18:42] Fixture Examples/Fan.lxf: Strip may not specify a negative spacing
[LX 2025/10/20 20:18:42] Fixture Examples/Fan.lxf: Strip may not specify a negative spacing
[LX 2025/10/20 20:18:42] Fixture Examples/Fan.lxf: Strip may not specify a negative spacing
[LX 2025/10/20 20:18:42] Fixture Examples/Fan.lxf: Strip may not specify a negative spacing
[LX 2025/10/20 20:18:42] Fixture Examples/Fan.lxf: Strip may not specify a negative spacing
[LX 2025/10/20 20:18:42] Fixture Examples/Fan.lxf: Strip may not specify a negative spacing
[LX 2025/10/20 20:18:42] Fixture Examples/Fan.lxf: Strip may not specify a negative spacing
[LX 2025/10/20 20:18:42] Fixture Examples/Fan.lxf: Strip may not specify a negative spacing
[LX 2025/10/20 20:18:42] Fixture Examples/Fan.lxf: Strip may not specify a negative spacing
[LX 2025/10/20 20:18:42] Fixture Examples/Fan.lxf: Strip may not specify a negative spacing
[LX 2025/10/20 20:18:42] Fixture Examples/Fan.lxf: Strip may not specify a negative spacing
[LX 2025/10/20 20:18:42] Fixture Examples/Fan.lxf: Strip may not specify a negative spacing
[LX 2025/10/20 20:18:42] Fixture Examples/Fan.lxf: Strip may not specify a negative spacing
[LX 2025/10/20 20:18:42] Fixture Examples/Fan.lxf: Strip may not specify a negative spacing
[LX 2025/10/20 20:18:42] Fixture Examples/Fan.lxf: Strip may not specify a negative spacing
[LX 2025/10/20 20:18:42] Fixture Examples/Fan.lxf: Strip may not specify a negative spacing
[LX 2025/10/20 20:18:42] Fixture Examples/Fan.lxf: Strip may not specify a negative spacing
[LX 2025/10/20 20:18:42] Fixture Examples/Fan.lxf: Strip may not specify a negative spacing
[LX 2025/10/20 20:18:42] Fixture Examples/Fan.lxf: Strip may not specify a negative spacing
[LX 2025/10/20 20:18:42] Fixture Examples/Fan.lxf: Strip may not specify a negative spacing
[LX 2025/10/20 20:18:42] Fixture Examples/Fan.lxf: Strip may not specify a negative spacing
[LX 2025/10/20 20:18:42] Fixture Examples/Fan.lxf: Strip may not specify a negative spacing
[LX 2025/10/20 20:18:42] Fixture Examples/Fan.lxf: Strip may not specify a negative spacing
[LX 2025/10/20 20:18:42] Fixture Examples/Fan.lxf: Strip may not specify a negative spacing
[LX 2025/10/20 20:18:42] Fixture Examples/Fan.lxf: Strip may not specify a negative spacing
[LX 2025/10/20 20:18:42] Fixture Examples/Fan.lxf: Strip may not specify a negative spacing
[LX 2025/10/20 20:18:42] Fixture Examples/Fan.lxf: Strip may not specify a negative spacing
[LX 2025/10/20 20:18:42] Fixture Examples/Fan.lxf: Strip may not specify a negative spacing
[LX 2025/10/20 20:18:42] Fixture Examples/Fan.lxf: Strip may not specify a negative spacing
[LX 2025/10/20 20:18:42] Fixture Examples/Fan.lxf: Strip may not specify a negative spacing
[LX 2025/10/20 20:18:42] Fixture Examples/Fan.lxf: Strip may not specify a negative spacing
[LX 2025/10/20 20:18:42] Fixture Examples/Fan.lxf: Strip may not specify a negative spacing
[LX 2025/10/20 20:18:42] Fixture Examples/Fan.lxf: Strip may not specify a negative spacing
[LX 2025/10/20 20:18:42] Fixture Examples/Fan.lxf: Strip may not specify a negative spacing
[LX 2025/10/20 20:18:42] Fixture Examples/Fan.lxf: Strip may not specify a negative spacing
[LX 2025/10/20 20:18:42] Fixture Examples/Fan.lxf: Strip may not specify a negative spacing
[LX 2025/10/20 20:18:42] Fixture Examples/Fan.lxf: Strip may not specify a negative spacing
[LX 2025/10/20 20:18:42] Fixture Examples/Fan.lxf: Strip may not specify a negative spacing
[LX 2025/10/20 20:18:42] Fixture Examples/Fan.lxf: Strip may not specify a negative spacing
[LX 2025/10/20 20:18:42] Fixture Examples/Fan.lxf: Strip may not specify a negative spacing
[LX 2025/10/20 20:18:42] Fixture Examples/Fan.lxf: Strip may not specify a negative spacing
[LX 2025/10/20 20:18:42] Fixture Examples/Fan.lxf: Strip may not specify a negative spacing
[LX 2025/10/20 20:18:42] Fixture Examples/Fan.lxf: Strip may not specify a negative spacing
[LX 2025/10/20 20:18:42] Fixture Examples/Fan.lxf: Strip may not specify a negative spacing
[LX 2025/10/20 20:18:42] Fixture Examples/Fan.lxf: Strip may not specify a negative spacing
[LX 2025/10/20 20:18:42] Fixture Examples/Fan.lxf: Strip may not specify a negative spacing
[LX 2025/10/20 20:18:42] Fixture Examples/Fan.lxf: Strip may not specify a negative spacing
[LX 2025/10/20 20:18:42] Fixture Examples/Fan.lxf: Strip may not specify a negative spacing
[LX 2025/10/20 20:18:42] Fixture Examples/Fan.lxf: Strip may not specify a negative spacing
[LX 2025/10/20 20:18:42] Fixture Examples/Fan.lxf: Strip may not specify a negative spacing
[LX 2025/10/20 20:18:42] Fixture Examples/Fan.lxf: Strip may not specify a negative spacing
[LX 2025/10/20 20:18:42] Fixture Examples/Fan.lxf: Strip may not specify a negative spacing
[LX 2025/10/20 20:18:42] Fixture Examples/Fan.lxf: Strip may not specify a negative spacing
[LX 2025/10/20 20:18:42] Fixture Examples/Fan.lxf: Strip may not specify a negative spacing
[LX 2025/10/20 20:18:42] Fixture Examples/Fan.lxf: Strip may not specify a negative spacing
[LX 2025/10/20 20:18:42] Fixture Examples/Fan.lxf: Strip may not specify a negative spacing
[LX 2025/10/20 20:18:42] Fixture Examples/Fan.lxf: Strip may not specify a negative spacing
[LX 2025/10/20 20:18:42] Fixture Examples/Fan.lxf: Strip may not specify a negative spacing
[LX 2025/10/20 20:18:42] Fixture Examples/Fan.lxf: Strip may not specify a negative spacing
[LX 2025/10/20 20:18:42] Fixture Examples/Fan.lxf: Strip may not specify a negative spacing
[LX 2025/10/20 20:18:42] Fixture Examples/Fan.lxf: Strip may not specify a negative spacing
[LX 2025/10/20 20:18:42] Fixture Examples/Fan.lxf: Strip may not specify a negative spacing
[LX 2025/10/20 20:18:42] Fixture Examples/Fan.lxf: Strip may not specify a negative spacing
[LX 2025/10/20 20:18:42] Fixture Examples/Fan.lxf: Strip may not specify a negative spacing
[LX 2025/10/20 20:18:42] Fixture Examples/Fan.lxf: Strip may not specify a negative spacing
[LX 2025/10/20 20:18:42] Fixture Examples/Fan.lxf: Strip may not specify a negative spacing
[LX 2025/10/20 20:18:42] Fixture Examples/Fan.lxf: Strip may not specify a negative spacing
[LX 2025/10/20 20:18:42] Fixture Examples/Fan.lxf: Strip may not specify a negative spacing
[LX 2025/10/20 20:18:42] Fixture Examples/Fan.lxf: Strip may not specify a negative spacing
[LX 2025/10/20 20:18:42] Fixture Examples/Fan.lxf: Strip may not specify a negative spacing
[LX 2025/10/20 20:18:42] Fixture Examples/Fan.lxf: Strip may not specify a negative spacing
[LX 2025/10/20 20:18:42] Fixture Examples/Fan.lxf: Strip may not specify a negative spacing
[LX 2025/10/20 20:18:42] Fixture Examples/Fan.lxf: Strip may not specify a negative spacing
[LX 2025/10/20 20:18:42] Fixture Examples/Fan.lxf: Strip may not specify a negative spacing
[LX 2025/10/20 20:18:42] Fixture Examples/Fan.lxf: Strip may not specify a negative spacing
[LX 2025/10/20 20:18:42] Fixture Examples/Fan.lxf: Strip may not specify a negative spacing
[LX 2025/10/20 20:18:42] Fixture Examples/Fan.lxf: Strip may not specify a negative spacing
[LX 2025/10/20 20:18:42] Fixture Examples/Fan.lxf: Strip may not specify a negative spacing
[LX 2025/10/20 20:18:42] Fixture Examples/Fan.lxf: Strip may not specify a negative spacing
[LX 2025/10/20 20:18:42] Fixture Examples/Fan.lxf: Strip may not specify a negative spacing
[LX 2025/10/20 20:18:42] Fixture Examples/Fan.lxf: Strip may not specify a negative spacing
[LX 2025/10/20 20:18:42] Fixture Examples/Fan.lxf: Strip may not specify a negative spacing
[LX 2025/10/20 20:18:42] Fixture Examples/Fan.lxf: Strip may not specify a negative spacing
[LX 2025/10/20 20:18:42] Fixture Examples/Fan.lxf: Strip may not specify a negative spacing
[LX 2025/10/20 20:18:42] Fixture Examples/Fan.lxf: Strip may not specify a negative spacing
[LX 2025/10/20 20:18:42] Fixture Examples/Fan.lxf: Strip may not specify a negative spacing
[LX 2025/10/20 20:18:42] Fixture Examples/Fan.lxf: Strip may not specify a negative spacing
[LX 2025/10/20 20:18:42] Fixture Examples/Fan.lxf: Strip may not specify a negative spacing
[LX 2025/10/20 20:18:42] Fixture Examples/Fan.lxf: Strip may not specify a negative spacing
[LX 2025/10/20 20:18:42] Fixture Examples/Fan.lxf: Strip may not specify a negative spacing
[LX 2025/10/20 20:18:42] Fixture Examples/Fan.lxf: Strip may not specify a negative spacing
[LX 2025/10/20 20:18:42] Fixture Examples/Fan.lxf: Strip may not specify a negative spacing
[LX 2025/10/20 20:18:42] Fixture Examples/Fan.lxf: Strip may not specify a negative spacing
[LX 2025/10/20 20:18:42] Fixture Examples/Fan.lxf: Strip may not specify a negative spacing
[LX 2025/10/20 20:18:42] Fixture Examples/Fan.lxf: Strip may not specify a negative spacing
[LX 2025/10/20 20:18:42] Fixture Examples/Fan.lxf: Strip may not specify a negative spacing
[LX 2025/10/20 20:18:42] Fixture Examples/Fan.lxf: Strip may not specify a negative spacing
[LX 2025/10/20 20:18:42] Fixture Examples/Fan.lxf: Strip may not specify a negative spacing
[LX 2025/10/20 20:18:42] Fixture Examples/Fan.lxf: Strip may not specify a negative spacing
[LX 2025/10/20 20:18:42] Fixture Examples/Fan.lxf: Strip may not specify a negative spacing
[LX 2025/10/20 20:18:42] Fixture Examples/Fan.lxf: Strip may not specify a negative spacing
[LX 2025/10/20 20:18:42] Fixture Examples/Fan.lxf: Strip may not specify a negative spacing
[LX 2025/10/20 20:18:42] Fixture Examples/Fan.lxf: Strip may not specify a negative spacing
[LX 2025/10/20 20:18:42] Fixture Examples/Fan.lxf: Strip may not specify a negative spacing
[LX 2025/10/20 20:18:42] Fixture Examples/Fan.lxf: Strip may not specify a negative spacing
[LX 2025/10/20 20:18:42] Fixture Examples/Fan.lxf: Strip may not specify a negative spacing
[LX 2025/10/20 20:18:42] Fixture Examples/Fan.lxf: Strip may not specify a negative spacing
[LX 2025/10/20 20:18:42] Fixture Examples/Fan.lxf: Strip may not specify a negative spacing
[LX 2025/10/20 20:18:42] Fixture Examples/Fan.lxf: Strip may not specify a negative spacing
[LX 2025/10/20 20:18:42] Fixture Examples/Fan.lxf: Strip may not specify a negative spacing
[LX 2025/10/20 20:18:42] Fixture Examples/Fan.lxf: Strip may not specify a negative spacing
[LX 2025/10/20 20:18:42] Fixture Examples/Fan.lxf: Strip may not specify a negative spacing
[LX 2025/10/20 20:18:42] Fixture Examples/Fan.lxf: Strip may not specify a negative spacing
[LX 2025/10/20 20:18:42] Fixture Examples/Fan.lxf: Strip may not specify a negative spacing
[LX 2025/10/20 20:18:42] Fixture Examples/Fan.lxf: Strip may not specify a negative spacing
[LX 2025/10/20 20:18:42] Fixture Examples/Fan.lxf: Strip may not specify a negative spacing
[LX 2025/10/20 20:18:42] Fixture Examples/Fan.lxf: Strip may not specify a negative spacing
[LX 2025/10/20 20:18:42] Fixture Examples/Fan.lxf: Strip may not specify a negative spacing
[LX 2025/10/20 20:18:42] Fixture Examples/Fan.lxf: Strip may not specify a negative spacing
[LX 2025/10/20 20:18:42] Fixture Examples/Fan.lxf: Strip may not specify a negative spacing
[LX 2025/10/20 20:18:42] Fixture Examples/Fan.lxf: Strip may not specify a negative spacing
[LX 2025/10/20 20:18:42] Fixture Examples/Fan.lxf: Strip may not specify a negative spacing
[LX 2025/10/20 20:18:42] Fixture Examples/Fan.lxf: Strip may not specify a negative spacing
[LX 2025/10/20 20:18:42] Fixture Examples/Fan.lxf: Strip may not specify a negative spacing
[LX 2025/10/20 20:18:42] Fixture Examples/Fan.lxf: Strip may not specify a negative spacing
[LX 2025/10/20 20:18:42] Fixture Examples/Fan.lxf: Strip may not specify a negative spacing
[LX 2025/10/20 20:18:42] Fixture Examples/Fan.lxf: Strip may not specify a negative spacing
[LX 2025/10/20 20:18:42] Fixture Examples/Fan.lxf: Strip may not specify a negative spacing
[LX 2025/10/20 20:18:42] Fixture Examples/Fan.lxf: Strip may not specify a negative spacing
[LX 2025/10/20 20:18:42] Fixture Examples/Fan.lxf: Strip may not specify a negative spacing
[LX 2025/10/20 20:18:42] Fixture Examples/Fan.lxf: Strip may not specify a negative spacing
[LX 2025/10/20 20:18:42] Fixture Examples/Fan.lxf: Strip may not specify a negative spacing
[LX 2025/10/20 20:18:42] Fixture Examples/Fan.lxf: Strip may not specify a negative spacing
[LX 2025/10/20 20:18:42] Fixture Examples/Fan.lxf: Strip may not specify a negative spacing
[LX 2025/10/20 20:18:42] Fixture Examples/Fan.lxf: Strip may not specify a negative spacing
[LX 2025/10/20 20:18:42] Fixture Examples/Fan.lxf: Strip may not specify a negative spacing
[LX 2025/10/20 20:18:42] Fixture Examples/Fan.lxf: Strip may not specify a negative spacing
[LX 2025/10/20 20:18:42] Fixture Examples/Fan.lxf: Strip may not specify a negative spacing
[LX 2025/10/20 20:18:42] Fixture Examples/Fan.lxf: Strip may not specify a negative spacing
[LX 2025/10/20 20:18:42] Fixture Examples/Fan.lxf: Strip may not specify a negative spacing
[LX 2025/10/20 20:18:42] Fixture Examples/Fan.lxf: Strip may not specify a negative spacing
[LX 2025/10/20 20:18:42] Fixture Examples/Fan.lxf: Strip may not specify a negative spacing
[LX 2025/10/20 20:18:42] Fixture Examples/Fan.lxf: Strip may not specify a negative spacing
[LX 2025/10/20 20:18:42] Fixture Examples/Fan.lxf: Strip may not specify a negative spacing
[LX 2025/10/20 20:18:42] Fixture Examples/Fan.lxf: Strip may not specify a negative spacing
[LX 2025/10/20 20:18:42] Fixture Examples/Fan.lxf: Strip may not specify a negative spacing
[LX 2025/10/20 20:18:42] Fixture Examples/Fan.lxf: Strip may not specify a negative spacing
[LX 2025/10/20 20:18:42] Fixture Examples/Fan.lxf: Strip may not specify a negative spacing
[LX 2025/10/20 20:18:42] Fixture Examples/Fan.lxf: Strip may not specify a negative spacing
[LX 2025/10/20 20:18:42] Fixture Examples/Fan.lxf: Strip may not specify a negative spacing
[LX 2025/10/20 20:18:42] Fixture Examples/Fan.lxf: Strip may not specify a negative spacing
[LX 2025/10/20 20:18:42] Fixture Examples/Fan.lxf: Strip may not specify a negative spacing
[LX 2025/10/20 20:18:42] Fixture Examples/Fan.lxf: Strip may not specify a negative spacing
[LX 2025/10/20 20:18:42] Fixture Examples/Fan.lxf: Strip may not specify a negative spacing
[LX 2025/10/20 20:18:42] Fixture Examples/Fan.lxf: Strip may not specify a negative spacing
[LX 2025/10/20 20:18:42] Fixture Examples/Fan.lxf: Strip may not specify a negative spacing
[LX 2025/10/20 20:18:42] Fixture Examples/Fan.lxf: Strip may not specify a negative spacing
[LX 2025/10/20 20:18:42] Fixture Examples/Fan.lxf: Strip may not specify a negative spacing
[LX 2025/10/20 20:18:42] Fixture Examples/Fan.lxf: Strip may not specify a negative spacing
[LX 2025/10/20 20:18:42] Fixture Examples/Fan.lxf: Strip may not specify a negative spacing
[LX 2025/10/20 20:18:42] Fixture Examples/Fan.lxf: Strip may not specify a negative spacing
[LX 2025/10/20 20:18:42] Fixture Examples/Fan.lxf: Strip may not specify a negative spacing
[LX 2025/10/20 20:18:42] Fixture Examples/Fan.lxf: Strip may not specify a negative spacing
[LX 2025/10/20 20:18:42] Fixture Examples/Fan.lxf: Strip may not specify a negative spacing
[LX 2025/10/20 20:18:42] Fixture Examples/Fan.lxf: Strip may not specify a negative spacing
[LX 2025/10/20 20:18:42] Fixture Examples/Fan.lxf: Strip may not specify a negative spacing
[LX 2025/10/20 20:18:42] Fixture Examples/Fan.lxf: Strip may not specify a negative spacing
[LX 2025/10/20 20:18:42] Fixture Examples/Fan.lxf: Strip may not specify a negative spacing
[LX 2025/10/20 20:18:42] Fixture Examples/Fan.lxf: Strip may not specify a negative spacing
[LX 2025/10/20 20:18:42] Fixture Examples/Fan.lxf: Strip may not specify a negative spacing
[LX 2025/10/20 20:18:42] Fixture Examples/Fan.lxf: Strip may not specify a negative spacing
[LX 2025/10/20 20:18:42] Fixture Examples/Fan.lxf: Strip may not specify a negative spacing
[LX 2025/10/20 20:18:42] Fixture Examples/Fan.lxf: Strip may not specify a negative spacing
[LX 2025/10/20 20:18:42] Fixture Examples/Fan.lxf: Strip may not specify a negative spacing
[LX 2025/10/20 20:18:42] Fixture Examples/Fan.lxf: Strip may not specify a negative spacing
[LX 2025/10/20 20:18:42] Fixture Examples/Fan.lxf: Strip may not specify a negative spacing
[LX 2025/10/20 20:18:42] Fixture Examples/Fan.lxf: Strip may not specify a negative spacing
[LX 2025/10/20 20:18:42] Fixture Examples/Fan.lxf: Strip may not specify a negative spacing
[LX 2025/10/20 20:18:42] Fixture Examples/Fan.lxf: Strip may not specify a negative spacing
[LX 2025/10/20 20:18:42] Fixture Examples/Fan.lxf: Strip may not specify a negative spacing
[LX 2025/10/20 20:18:42] Fixture Examples/Fan.lxf: Strip may not specify a negative spacing
[LX 2025/10/20 20:18:42] Fixture Examples/Fan.lxf: Strip may not specify a negative spacing
[LX 2025/10/20 20:18:42] Fixture Examples/Fan.lxf: Strip may not specify a negative spacing
[LX 2025/10/20 20:18:42] Fixture Examples/Fan.lxf: Strip may not specify a negative spacing
[LX 2025/10/20 20:18:42] Fixture Examples/Fan.lxf: Strip may not specify a negative spacing
[LX 2025/10/20 20:18:42] Fixture Examples/Fan.lxf: Strip may not specify a negative spacing
[LX 2025/10/20 20:18:42] Fixture Examples/Fan.lxf: Strip may not specify a negative spacing
[LX 2025/10/20 20:18:42] Fixture Examples/Fan.lxf: Strip may not specify a negative spacing
[LX 2025/10/20 20:18:42] Fixture Examples/Fan.lxf: Strip may not specify a negative spacing
[LX 2025/10/20 20:18:42] Fixture Examples/Fan.lxf: Strip may not specify a negative spacing
[LX 2025/10/20 20:18:42] Fixture Examples/Fan.lxf: Strip may not specify a negative spacing
[LX 2025/10/20 20:18:42] Fixture Examples/Fan.lxf: Strip may not specify a negative spacing
[LX 2025/10/20 20:18:42] Fixture Examples/Fan.lxf: Strip may not specify a negative spacing
[LX 2025/10/20 20:18:42] Fixture Examples/Fan.lxf: Strip may not specify a negative spacing
[LX 2025/10/20 20:18:42] Fixture Examples/Fan.lxf: Strip may not specify a negative spacing
[LX 2025/10/20 20:18:42] Fixture Examples/Fan.lxf: Strip may not specify a negative spacing
[LX 2025/10/20 20:18:42] Fixture Examples/Fan.lxf: Strip may not specify a negative spacing
[LX 2025/10/20 20:18:42] Fixture Examples/Fan.lxf: Strip may not specify a negative spacing
[LX 2025/10/20 20:18:42] Fixture Examples/Fan.lxf: Strip may not specify a negative spacing
[LX 2025/10/20 20:18:42] Fixture Examples/Fan.lxf: Strip may not specify a negative spacing
[LX 2025/10/20 20:18:42] Fixture Examples/Fan.lxf: Strip may not specify a negative spacing
[LX 2025/10/20 20:18:42] Fixture Examples/Fan.lxf: Strip may not specify a negative spacing
[LX 2025/10/20 20:18:42] Fixture Examples/Fan.lxf: Strip may not specify a negative spacing
[LX 2025/10/20 20:18:42] Fixture Examples/Fan.lxf: Strip may not specify a negative spacing
[LX 2025/10/20 20:18:42] Fixture Examples/Fan.lxf: Strip may not specify a negative spacing
[LX 2025/10/20 20:18:42] Fixture Examples/Fan.lxf: Strip may not specify a negative spacing
[LX 2025/10/20 20:18:42] Fixture Examples/Fan.lxf: Strip may not specify a negative spacing
[LX 2025/10/20 20:18:42] Fixture Examples/Fan.lxf: Strip may not specify a negative spacing
[LX 2025/10/20 20:18:42] Fixture Examples/Fan.lxf: Strip may not specify a negative spacing
[LX 2025/10/20 20:18:42] Fixture Examples/Fan.lxf: Strip may not specify a negative spacing
[LX 2025/10/20 20:18:42] Fixture Examples/Fan.lxf: Strip may not specify a negative spacing
[LX 2025/10/20 20:18:42] Fixture Examples/Fan.lxf: Strip may not specify a negative spacing
[LX 2025/10/20 20:18:42] Fixture Examples/Fan.lxf: Strip may not specify a negative spacing
[LX 2025/10/20 20:18:42] Fixture Examples/Fan.lxf: Strip may not specify a negative spacing
[LX 2025/10/20 20:18:42] Fixture Examples/Fan.lxf: Strip may not specify a negative spacing
[LX 2025/10/20 20:18:42] Fixture Examples/Fan.lxf: Strip may not specify a negative spacing
[LX 2025/10/20 20:18:42] Fixture Examples/Fan.lxf: Strip may not specify a negative spacing
[LX 2025/10/20 20:18:42] Fixture Examples/Fan.lxf: Strip may not specify a negative spacing
[LX 2025/10/20 20:18:42] Fixture Examples/Fan.lxf: Strip may not specify a negative spacing
[LX 2025/10/20 20:18:42] Fixture Examples/Fan.lxf: Strip may not specify a negative spacing
[LX 2025/10/20 20:18:42] Fixture Examples/Fan.lxf: Strip may not specify a negative spacing
[LX 2025/10/20 20:18:42] Fixture Examples/Fan.lxf: Strip may not specify a negative spacing
[LX 2025/10/20 20:18:42] Fixture Examples/Fan.lxf: Strip may not specify a negative spacing
[LX 2025/10/20 20:18:42] Fixture Examples/Fan.lxf: Strip may not specify a negative spacing
[LX 2025/10/20 20:18:42] Fixture Examples/Fan.lxf: Strip may not specify a negative spacing
[LX 2025/10/20 20:18:42] Fixture Examples/Fan.lxf: Strip may not specify a negative spacing
[LX 2025/10/20 20:18:42] Fixture Examples/Fan.lxf: Strip may not specify a negative spacing
[LX 2025/10/20 20:18:42] Fixture Examples/Fan.lxf: Strip may not specify a negative spacing
[LX 2025/10/20 20:18:42] Fixture Examples/Fan.lxf: Strip may not specify a negative spacing
[LX 2025/10/20 20:18:42] Fixture Examples/Fan.lxf: Strip may not specify a negative spacing
[LX 2025/10/20 20:18:42] Fixture Examples/Fan.lxf: Strip may not specify a negative spacing
[LX 2025/10/20 20:18:42] Fixture Examples/Fan.lxf: Strip may not specify a negative spacing
[LX 2025/10/20 20:18:42] Fixture Examples/Fan.lxf: Strip may not specify a negative spacing
[LX 2025/10/20 20:18:42] Fixture Examples/Fan.lxf: Strip may not specify a negative spacing
[LX 2025/10/20 20:18:42] Fixture Examples/Fan.lxf: Strip may not specify a negative spacing
[LX 2025/10/20 20:18:42] Fixture Examples/Fan.lxf: Strip may not specify a negative spacing
[LX 2025/10/20 20:18:42] Fixture Examples/Fan.lxf: Strip may not specify a negative spacing
[LX 2025/10/20 20:18:42] Fixture Examples/Fan.lxf: Strip may not specify a negative spacing
[LX 2025/10/20 20:18:42] Fixture Examples/Fan.lxf: Strip may not specify a negative spacing
[LX 2025/10/20 20:18:42] Fixture Examples/Fan.lxf: Strip may not specify a negative spacing
[LX 2025/10/20 20:18:42] Fixture Examples/Fan.lxf: Strip may not specify a negative spacing
[LX 2025/10/20 20:18:42] Fixture Examples/Fan.lxf: Strip may not specify a negative spacing
[LX 2025/10/20 20:18:42] Fixture Examples/Fan.lxf: Strip may not specify a negative spacing
[LX 2025/10/20 20:18:42] Fixture Examples/Fan.lxf: Strip may not specify a negative spacing
[LX 2025/10/20 20:18:42] Fixture Examples/Fan.lxf: Strip may not specify a negative spacing
[LX 2025/10/20 20:18:42] Fixture Examples/Fan.lxf: Strip may not specify a negative spacing
[LX 2025/10/20 20:18:42] Fixture Examples/Fan.lxf: Strip may not specify a negative spacing
[LX 2025/10/20 20:18:42] Fixture Examples/Fan.lxf: Strip may not specify a negative spacing
[LX 2025/10/20 20:18:42] Fixture Examples/Fan.lxf: Strip may not specify a negative spacing
[LX 2025/10/20 20:18:42] Fixture Examples/Fan.lxf: Strip may not specify a negative spacing
[LX 2025/10/20 20:18:42] Fixture Examples/Fan.lxf: Strip may not specify a negative spacing
[LX 2025/10/20 20:18:42] Fixture Examples/Fan.lxf: Strip may not specify a negative spacing
[LX 2025/10/20 20:18:42] Fixture Examples/Fan.lxf: Strip may not specify a negative spacing
[LX 2025/10/20 20:18:42] Fixture Examples/Fan.lxf: Strip may not specify a negative spacing
[LX 2025/10/20 20:18:42] Fixture Examples/Fan.lxf: Strip may not specify a negative spacing
[LX 2025/10/20 20:18:42] Fixture Examples/Fan.lxf: Strip may not specify a negative spacing
[LX 2025/10/20 20:18:42] Fixture Examples/Fan.lxf: Strip may not specify a negative spacing
[LX 2025/10/20 20:18:42] Fixture Examples/Fan.lxf: Strip may not specify a negative spacing
[LX 2025/10/20 20:18:42] Fixture Examples/Fan.lxf: Strip may not specify a negative spacing
[LX 2025/10/20 20:18:42] Fixture Examples/Fan.lxf: Strip may not specify a negative spacing
[LX 2025/10/20 20:18:42] Fixture Examples/Fan.lxf: Strip may not specify a negative spacing
[LX 2025/10/20 20:18:42] Fixture Examples/Fan.lxf: Strip may not specify a negative spacing
[LX 2025/10/20 20:18:42] Fixture Examples/Fan.lxf: Strip may not specify a negative spacing
[LX 2025/10/20 20:18:42] Fixture Examples/Fan.lxf: Strip may not specify a negative spacing
[LX 2025/10/20 20:18:42] Fixture Examples/Fan.lxf: Strip may not specify a negative spacing
[LX 2025/10/20 20:18:42] Fixture Examples/Fan.lxf: Strip may not specify a negative spacing
[LX 2025/10/20 20:18:42] Fixture Examples/Fan.lxf: Strip may not specify a negative spacing
[LX 2025/10/20 20:18:42] Fixture Examples/Fan.lxf: Strip may not specify a negative spacing
[LX 2025/10/20 20:18:42] Fixture Examples/Fan.lxf: Strip may not specify a negative spacing
[LX 2025/10/20 20:18:42] Fixture Examples/Fan.lxf: Strip may not specify a negative spacing
[LX 2025/10/20 20:18:42] Fixture Examples/Fan.lxf: Strip may not specify a negative spacing
[LX 2025/10/20 20:18:42] Fixture Examples/Fan.lxf: Strip may not specify a negative spacing
[LX 2025/10/20 20:18:42] Fixture Examples/Fan.lxf: Strip may not specify a negative spacing
[LX 2025/10/20 20:18:42] Fixture Examples/Fan.lxf: Strip may not specify a negative spacing
[LX 2025/10/20 20:18:42] Fixture Examples/Fan.lxf: Strip may not specify a negative spacing
[LX 2025/10/20 20:18:42] Fixture Examples/Fan.lxf: Strip may not specify a negative spacing
[LX 2025/10/20 20:18:42] Fixture Examples/Fan.lxf: Strip may not specify a negative spacing
[LX 2025/10/20 20:18:42] Fixture Examples/Fan.lxf: Strip may not specify a negative spacing
[LX 2025/10/20 20:18:42] Fixture Examples/Fan.lxf: Strip may not specify a negative spacing
[LX 2025/10/20 20:18:42] Fixture Examples/Fan.lxf: Strip may not specify a negative spacing
[LX 2025/10/20 20:18:42] Fixture Examples/Fan.lxf: Strip may not specify a negative spacing
[LX 2025/10/20 20:18:42] Fixture Examples/Fan.lxf: Strip may not specify a negative spacing
[LX 2025/10/20 20:18:42] Fixture Examples/Fan.lxf: Strip may not specify a negative spacing
[LX 2025/10/20 20:18:42] Fixture Examples/Fan.lxf: Strip may not specify a negative spacing
[LX 2025/10/20 20:18:42] Fixture Examples/Fan.lxf: Strip may not specify a negative spacing
[LX 2025/10/20 20:18:42] Fixture Examples/Fan.lxf: Strip may not specify a negative spacing
[LX 2025/10/20 20:18:42] Fixture Examples/Fan.lxf: Strip may not specify a negative spacing
[LX 2025/10/20 20:18:42] Fixture Examples/Fan.lxf: Strip may not specify a negative spacing
[LX 2025/10/20 20:18:42] Fixture Examples/Fan.lxf: Strip may not specify a negative spacing
[LX 2025/10/20 20:18:42] Fixture Examples/Fan.lxf: Strip may not specify a negative spacing
[LX 2025/10/20 20:18:42] Fixture Examples/Fan.lxf: Strip may not specify a negative spacing
[LX 2025/10/20 20:18:42] Fixture Examples/Fan.lxf: Strip may not specify a negative spacing
[LX 2025/10/20 20:18:42] Fixture Examples/Fan.lxf: Strip may not specify a negative spacing
[LX 2025/10/20 20:18:42] Fixture Examples/Fan.lxf: Strip may not specify a negative spacing
[LX 2025/10/20 20:18:42] Fixture Examples/Fan.lxf: Strip may not specify a negative spacing
[LX 2025/10/20 20:18:42] Fixture Examples/Fan.lxf: Strip may not specify a negative spacing
[LX 2025/10/20 20:18:42] Fixture Examples/Fan.lxf: Strip may not specify a negative spacing
[LX 2025/10/20 20:18:42] Fixture Examples/Fan.lxf: Strip may not specify a negative spacing
[LX 2025/10/20 20:18:42] Fixture Examples/Fan.lxf: Strip may not specify a negative spacing
[LX 2025/10/20 20:18:42] Fixture Examples/Fan.lxf: Strip may not specify a negative spacing
[LX 2025/10/20 20:18:42] Fixture Examples/Fan.lxf: Strip may not specify a negative spacing
[LX 2025/10/20 20:18:42] Fixture Examples/Fan.lxf: Strip may not specify a negative spacing
[LX 2025/10/20 20:18:42] Fixture Examples/Fan.lxf: Strip may not specify a negative spacing
[LX 2025/10/20 20:18:42] Fixture Examples/Fan.lxf: Strip may not specify a negative spacing
[LX 2025/10/20 20:18:42] Fixture Examples/Fan.lxf: Strip may not specify a negative spacing
[LX 2025/10/20 20:18:42] Fixture Examples/Fan.lxf: Strip may not specify a negative spacing
[LX 2025/10/20 20:18:42] Fixture Examples/Fan.lxf: Strip may not specify a negative spacing
[LX 2025/10/20 20:18:42] Fixture Examples/Fan.lxf: Strip may not specify a negative spacing
[LX 2025/10/20 20:18:42] Fixture Examples/Fan.lxf: Strip may not specify a negative spacing
[LX 2025/10/20 20:18:42] Fixture Examples/Fan.lxf: Strip may not specify a negative spacing
[LX 2025/10/20 20:18:42] Fixture Examples/Fan.lxf: Strip may not specify a negative spacing
[LX 2025/10/20 20:18:42] Fixture Examples/Fan.lxf: Strip may not specify a negative spacing
[LX 2025/10/20 20:18:42] Fixture Examples/Fan.lxf: Strip may not specify a negative spacing
[LX 2025/10/20 20:18:42] Fixture Examples/Fan.lxf: Strip may not specify a negative spacing
[LX 2025/10/20 20:18:42] Fixture Examples/Fan.lxf: Strip may not specify a negative spacing
[LX 2025/10/20 20:18:42] Fixture Examples/Fan.lxf: Strip may not specify a negative spacing
[LX 2025/10/20 20:18:42] Fixture Examples/Fan.lxf: Strip may not specify a negative spacing
[LX 2025/10/20 20:18:42] Fixture Examples/Fan.lxf: Strip may not specify a negative spacing
[LX 2025/10/20 20:18:42] Fixture Examples/Fan.lxf: Strip may not specify a negative spacing
[LX 2025/10/20 20:18:42] Fixture Examples/Fan.lxf: Strip may not specify a negative spacing
[LX 2025/10/20 20:18:42] Fixture Examples/Fan.lxf: Strip may not specify a negative spacing
[LX 2025/10/20 20:18:42] Fixture Examples/Fan.lxf: Strip may not specify a negative spacing
[LX 2025/10/20 20:18:42] Fixture Examples/Fan.lxf: Strip may not specify a negative spacing
[LX 2025/10/20 20:18:42] Fixture Examples/Fan.lxf: Strip may not specify a negative spacing
[LX 2025/10/20 20:18:42] Fixture Examples/Fan.lxf: Strip may not specify a negative spacing
[LX 2025/10/20 20:18:42] Fixture Examples/Fan.lxf: Strip may not specify a negative spacing
[LX 2025/10/20 20:18:42] Fixture Examples/Fan.lxf: Strip may not specify a negative spacing
[LX 2025/10/20 20:18:42] Fixture Examples/Fan.lxf: Strip may not specify a negative spacing
[LX 2025/10/20 20:18:42] Fixture Examples/Fan.lxf: Strip may not specify a negative spacing
[LX 2025/10/20 20:18:42] Fixture Examples/Fan.lxf: Strip may not specify a negative spacing
[LX 2025/10/20 20:18:42] Fixture Examples/Fan.lxf: Strip may not specify a negative spacing
[LX 2025/10/20 20:18:42] Fixture Examples/Fan.lxf: Strip may not specify a negative spacing
[LX 2025/10/20 20:18:42] Fixture Examples/Fan.lxf: Strip may not specify a negative spacing
[LX 2025/10/20 20:18:42] Fixture Examples/Fan.lxf: Strip may not specify a negative spacing
[LX 2025/10/20 20:18:42] Fixture Examples/Fan.lxf: Strip may not specify a negative spacing
[LX 2025/10/20 20:18:42] Fixture Examples/Fan.lxf: Strip may not specify a negative spacing
[LX 2025/10/20 20:18:42] Fixture Examples/Fan.lxf: Strip may not specify a negative spacing
[LX 2025/10/20 20:18:42] Fixture Examples/Fan.lxf: Strip may not specify a negative spacing
[LX 2025/10/20 20:18:42] Fixture Examples/Fan.lxf: Strip may not specify a negative spacing
[LX 2025/10/20 20:18:42] Fixture Examples/Fan.lxf: Strip may not specify a negative spacing
[LX 2025/10/20 20:18:42] Fixture Examples/Fan.lxf: Strip may not specify a negative spacing
[LX 2025/10/20 20:18:42] Fixture Examples/Fan.lxf: Strip may not specify a negative spacing
[LX 2025/10/20 20:18:42] Fixture Examples/Fan.lxf: Strip may not specify a negative spacing
[LX 2025/10/20 20:18:42] Fixture Examples/Fan.lxf: Strip may not specify a negative spacing
[LX 2025/10/20 20:18:42] Fixture Examples/Fan.lxf: Strip may not specify a negative spacing
[LX 2025/10/20 20:18:42] Fixture Examples/Fan.lxf: Strip may not specify a negative spacing
[LX 2025/10/20 20:18:42] Fixture Examples/Fan.lxf: Strip may not specify a negative spacing
[LX 2025/10/20 20:18:42] Fixture Examples/Fan.lxf: Strip may not specify a negative spacing
[LX 2025/10/20 20:18:42] Fixture Examples/Fan.lxf: Strip may not specify a negative spacing
[LX 2025/10/20 20:18:42] Fixture Examples/Fan.lxf: Strip may not specify a negative spacing
[LX 2025/10/20 20:18:42] Fixture Examples/Fan.lxf: Strip may not specify a negative spacing
[LX 2025/10/20 20:18:42] Fixture Examples/Fan.lxf: Strip may not specify a negative spacing
[LX 2025/10/20 20:18:42] Fixture Examples/Fan.lxf: Strip may not specify a negative spacing
[LX 2025/10/20 20:18:42] Fixture Examples/Fan.lxf: Strip may not specify a negative spacing
[LX 2025/10/20 20:18:42] Fixture Examples/Fan.lxf: Strip may not specify a negative spacing
[LX 2025/10/20 20:18:42] Fixture Examples/Fan.lxf: Strip may not specify a negative spacing
[LX 2025/10/20 20:18:42] Fixture Examples/Fan.lxf: Strip may not specify a negative spacing
[LX 2025/10/20 20:18:42] Fixture Examples/Fan.lxf: Strip may not specify a negative spacing
[LX 2025/10/20 20:18:42] Fixture Examples/Fan.lxf: Strip may not specify a negative spacing
[LX 2025/10/20 20:18:42] Fixture Examples/Fan.lxf: Strip may not specify a negative spacing
[LX 2025/10/20 20:18:42] Fixture Examples/Fan.lxf: Strip may not specify a negative spacing
[LX 2025/10/20 20:18:42] Fixture Examples/Fan.lxf: Strip may not specify a negative spacing
[LX 2025/10/20 20:18:42] Fixture Examples/Fan.lxf: Strip may not specify a negative spacing
[LX 2025/10/20 20:18:42] Fixture Examples/Fan.lxf: Strip may not specify a negative spacing
[LX 2025/10/20 20:18:42] Fixture Examples/Fan.lxf: Strip may not specify a negative spacing
[LX 2025/10/20 20:18:42] Fixture Examples/Fan.lxf: Strip may not specify a negative spacing
[LX 2025/10/20 20:18:42] Fixture Examples/Fan.lxf: Strip may not specify a negative spacing
[LX 2025/10/20 20:18:42] Fixture Examples/Fan.lxf: Strip may not specify a negative spacing
[LX 2025/10/20 20:18:42] Fixture Examples/Fan.lxf: Strip may not specify a negative spacing
[LX 2025/10/20 20:18:42] Fixture Examples/Fan.lxf: Strip may not specify a negative spacing
[LX 2025/10/20 20:18:42] Fixture Examples/Fan.lxf: Strip may not specify a negative spacing
[LX 2025/10/20 20:18:42] Fixture Examples/Fan.lxf: Strip may not specify a negative spacing
[LX 2025/10/20 20:18:42] Fixture Examples/Fan.lxf: Strip may not specify a negative spacing
[LX 2025/10/20 20:18:42] Fixture Examples/Fan.lxf: Strip may not specify a negative spacing
[LX 2025/10/20 20:18:42] Fixture Examples/Fan.lxf: Strip may not specify a negative spacing
[LX 2025/10/20 20:18:42] Fixture Examples/Fan.lxf: Strip may not specify a negative spacing
[LX 2025/10/20 20:18:42] Fixture Examples/Fan.lxf: Strip may not specify a negative spacing
[LX 2025/10/20 20:18:42] Fixture Examples/Fan.lxf: Strip may not specify a negative spacing
[LX 2025/10/20 20:18:42] Fixture Examples/Fan.lxf: Strip may not specify a negative spacing
[LX 2025/10/20 20:18:42] Fixture Examples/Fan.lxf: Strip may not specify a negative spacing
[LX 2025/10/20 20:18:42] Fixture Examples/Fan.lxf: Strip may not specify a negative spacing
[LX 2025/10/20 20:18:42] Fixture Examples/Fan.lxf: Strip may not specify a negative spacing
[LX 2025/10/20 20:18:42] Fixture Examples/Fan.lxf: Strip may not specify a negative spacing
[LX 2025/10/20 20:18:42] Fixture Examples/Fan.lxf: Strip may not specify a negative spacing
[LX 2025/10/20 20:18:42] Fixture Examples/Fan.lxf: Strip may not specify a negative spacing
[LX 2025/10/20 20:18:42] Fixture Examples/Fan.lxf: Strip may not specify a negative spacing
[LX 2025/10/20 20:18:42] Fixture Examples/Fan.lxf: Strip may not specify a negative spacing
[LX 2025/10/20 20:18:42] Fixture Examples/Fan.lxf: Strip may not specify a negative spacing
[LX 2025/10/20 20:18:42] Fixture Examples/Fan.lxf: Strip may not specify a negative spacing
[LX 2025/10/20 20:18:42] Fixture Examples/Fan.lxf: Strip may not specify a negative spacing
[LX 2025/10/20 20:18:42] Fixture Examples/Fan.lxf: Strip may not specify a negative spacing
[LX 2025/10/20 20:18:42] Fixture Examples/Fan.lxf: Strip may not specify a negative spacing
[LX 2025/10/20 20:18:42] Fixture Examples/Fan.lxf: Strip may not specify a negative spacing
[LX 2025/10/20 20:18:42] Fixture Examples/Fan.lxf: Strip may not specify a negative spacing
[LX 2025/10/20 20:18:42] Fixture Examples/Fan.lxf: Strip may not specify a negative spacing
[LX 2025/10/20 20:18:42] Fixture Examples/Fan.lxf: Strip may not specify a negative spacing
[LX 2025/10/20 20:18:42] Fixture Examples/Fan.lxf: Strip may not specify a negative spacing
[LX 2025/10/20 20:18:42] Fixture Examples/Fan.lxf: Strip may not specify a negative spacing
[LX 2025/10/20 20:18:42] Fixture Examples/Fan.lxf: Strip may not specify a negative spacing
[LX 2025/10/20 20:18:42] Fixture Examples/Fan.lxf: Strip may not specify a negative spacing
[LX 2025/10/20 20:18:42] Fixture Examples/Fan.lxf: Strip may not specify a negative spacing
[LX 2025/10/20 20:18:42] Fixture Examples/Fan.lxf: Strip may not specify a negative spacing
[LX 2025/10/20 20:18:42] Fixture Examples/Fan.lxf: Strip may not specify a negative spacing
[LX 2025/10/20 20:18:42] Fixture Examples/Fan.lxf: Strip may not specify a negative spacing
[LX 2025/10/20 20:18:42] Fixture Examples/Fan.lxf: Strip may not specify a negative spacing
[LX 2025/10/20 20:18:42] Fixture Examples/Fan.lxf: Strip may not specify a negative spacing
[LX 2025/10/20 20:18:42] Fixture Examples/Fan.lxf: Strip may not specify a negative spacing
[LX 2025/10/20 20:18:42] Fixture Examples/Fan.lxf: Strip may not specify a negative spacing
[LX 2025/10/20 20:18:42] Fixture Examples/Fan.lxf: Strip may not specify a negative spacing
[LX 2025/10/20 20:18:42] Fixture Examples/Fan.lxf: Strip may not specify a negative spacing
[LX 2025/10/20 20:18:42] Fixture Examples/Fan.lxf: Strip may not specify a negative spacing
[LX 2025/10/20 20:18:42] Fixture Examples/Fan.lxf: Strip may not specify a negative spacing
[LX 2025/10/20 20:18:42] Fixture Examples/Fan.lxf: Strip may not specify a negative spacing
[LX 2025/10/20 20:18:42] Fixture Examples/Fan.lxf: Strip may not specify a negative spacing
[LX 2025/10/20 20:18:42] Fixture Examples/Fan.lxf: Strip may not specify a negative spacing
[LX 2025/10/20 20:18:42] Fixture Examples/Fan.lxf: Strip may not specify a negative spacing
[LX 2025/10/20 20:18:42] Fixture Examples/Fan.lxf: Strip may not specify a negative spacing
[LX 2025/10/20 20:18:42] Fixture Examples/Fan.lxf: Strip may not specify a negative spacing
[LX 2025/10/20 20:18:42] Fixture Examples/Fan.lxf: Strip may not specify a negative spacing
[LX 2025/10/20 20:18:42] Fixture Examples/Fan.lxf: Strip may not specify a negative spacing
[LX 2025/10/20 20:18:42] Fixture Examples/Fan.lxf: Strip may not specify a negative spacing
[LX 2025/10/20 20:18:42] Fixture Examples/Fan.lxf: Strip may not specify a negative spacing
[LX 2025/10/20 20:18:42] Fixture Examples/Fan.lxf: Strip may not specify a negative spacing
[LX 2025/10/20 20:18:42] Fixture Examples/Fan.lxf: Strip may not specify a negative spacing
[LX 2025/10/20 20:18:42] Fixture Examples/Fan.lxf: Strip may not specify a negative spacing
[LX 2025/10/20 20:18:42] Fixture Examples/Fan.lxf: Strip may not specify a negative spacing
[LX 2025/10/20 20:18:42] Fixture Examples/Fan.lxf: Strip may not specify a negative spacing
[LX 2025/10/20 20:18:42] Fixture Examples/Fan.lxf: Strip may not specify a negative spacing
[LX 2025/10/20 20:18:42] Fixture Examples/Fan.lxf: Strip may not specify a negative spacing
[LX 2025/10/20 20:18:42] Fixture Examples/Fan.lxf: Strip may not specify a negative spacing
[LX 2025/10/20 20:18:42] Fixture Examples/Fan.lxf: Strip may not specify a negative spacing
[LX 2025/10/20 20:18:42] Fixture Examples/Fan.lxf: Strip may not specify a negative spacing
[LX 2025/10/20 20:18:42] Fixture Examples/Fan.lxf: Strip may not specify a negative spacing
[LX 2025/10/20 20:18:42] Fixture Examples/Fan.lxf: Strip may not specify a negative spacing
[LX 2025/10/20 20:18:42] Fixture Examples/Fan.lxf: Strip may not specify a negative spacing
[LX 2025/10/20 20:18:42] Fixture Examples/Fan.lxf: Strip may not specify a negative spacing
[LX 2025/10/20 20:18:42] Fixture Examples/Fan.lxf: Strip may not specify a negative spacing
[LX 2025/10/20 20:18:42] Fixture Examples/Fan.lxf: Strip may not specify a negative spacing
[LX 2025/10/20 20:18:42] Fixture Examples/Fan.lxf: Strip may not specify a negative spacing
[LX 2025/10/20 20:18:42] Fixture Examples/Fan.lxf: Strip may not specify a negative spacing
[LX 2025/10/20 20:18:42] Fixture Examples/Fan.lxf: Strip may not specify a negative spacing
[LX 2025/10/20 20:18:42] Fixture Examples/Fan.lxf: Strip may not specify a negative spacing
[LX 2025/10/20 20:18:42] Fixture Examples/Fan.lxf: Strip may not specify a negative spacing
[LX 2025/10/20 20:18:42] Fixture Examples/Fan.lxf: Strip may not specify a negative spacing
[LX 2025/10/20 20:18:42] Fixture Examples/Fan.lxf: Strip may not specify a negative spacing
[LX 2025/10/20 20:18:42] Fixture Examples/Fan.lxf: Strip may not specify a negative spacing
[LX 2025/10/20 20:18:42] Fixture Examples/Fan.lxf: Strip may not specify a negative spacing
[LX 2025/10/20 20:18:42] Fixture Examples/Fan.lxf: Strip may not specify a negative spacing
[LX 2025/10/20 20:18:42] Fixture Examples/Fan.lxf: Strip may not specify a negative spacing
[LX 2025/10/20 20:18:42] Fixture Examples/Fan.lxf: Strip may not specify a negative spacing
[LX 2025/10/20 20:18:42] Fixture Examples/Fan.lxf: Strip may not specify a negative spacing
[LX 2025/10/20 20:18:42] Fixture Examples/Fan.lxf: Strip may not specify a negative spacing
[LX 2025/10/20 20:18:42] Fixture Examples/Fan.lxf: Strip may not specify a negative spacing
[LX 2025/10/20 20:18:42] Fixture Examples/Fan.lxf: Strip may not specify a negative spacing
[LX 2025/10/20 20:18:42] Fixture Examples/Fan.lxf: Strip may not specify a negative spacing
[LX 2025/10/20 20:18:42] Fixture Examples/Fan.lxf: Strip may not specify a negative spacing
[LX 2025/10/20 20:18:42] Fixture Examples/Fan.lxf: Strip may not specify a negative spacing
[LX 2025/10/20 20:18:42] Fixture Examples/Fan.lxf: Strip may not specify a negative spacing
[LX 2025/10/20 20:18:42] Fixture Examples/Fan.lxf: Strip may not specify a negative spacing
[LX 2025/10/20 20:18:42] Fixture Examples/Fan.lxf: Strip may not specify a negative spacing
[LX 2025/10/20 20:18:42] Fixture Examples/Fan.lxf: Strip may not specify a negative spacing
[LX 2025/10/20 20:18:42] Fixture Examples/Fan.lxf: Strip may not specify a negative spacing
[LX 2025/10/20 20:18:42] Fixture Examples/Fan.lxf: Strip may not specify a negative spacing
[LX 2025/10/20 20:18:42] Fixture Examples/Fan.lxf: Strip may not specify a negative spacing
[LX 2025/10/20 20:18:42] Fixture Examples/Fan.lxf: Strip may not specify a negative spacing
[LX 2025/10/20 20:18:42] Fixture Examples/Fan.lxf: Strip may not specify a negative spacing
[LX 2025/10/20 20:18:42] Fixture Examples/Fan.lxf: Strip may not specify a negative spacing
[LX 2025/10/20 20:18:42] Fixture Examples/Fan.lxf: Strip may not specify a negative spacing
[LX 2025/10/20 20:18:42] Fixture Examples/Fan.lxf: Strip may not specify a negative spacing
[LX 2025/10/20 20:18:42] Fixture Examples/Fan.lxf: Strip may not specify a negative spacing
[LX 2025/10/20 20:18:42] Fixture Examples/Fan.lxf: Strip may not specify a negative spacing
[LX 2025/10/20 20:18:42] Fixture Examples/Fan.lxf: Strip may not specify a negative spacing
[LX 2025/10/20 20:18:42] Fixture Examples/Fan.lxf: Strip may not specify a negative spacing
[LX 2025/10/20 20:18:42] Fixture Examples/Fan.lxf: Strip may not specify a negative spacing
[LX 2025/10/20 20:18:42] Fixture Examples/Fan.lxf: Strip may not specify a negative spacing
[LX 2025/10/20 20:18:42] Fixture Examples/Fan.lxf: Strip may not specify a negative spacing
[LX 2025/10/20 20:18:42] Fixture Examples/Fan.lxf: Strip may not specify a negative spacing
[LX 2025/10/20 20:18:42] Fixture Examples/Fan.lxf: Strip may not specify a negative spacing
[LX 2025/10/20 20:18:42] Fixture Examples/Fan.lxf: Strip may not specify a negative spacing
[LX 2025/10/20 20:18:42] Fixture Examples/Fan.lxf: Strip may not specify a negative spacing
[LX 2025/10/20 20:18:42] Fixture Examples/Fan.lxf: Strip may not specify a negative spacing
[LX 2025/10/20 20:18:42] Fixture Examples/Fan.lxf: Strip may not specify a negative spacing
[LX 2025/10/20 20:18:42] Fixture Examples/Fan.lxf: Strip may not specify a negative spacing
[LX 2025/10/20 20:18:42] Fixture Examples/Fan.lxf: Strip may not specify a negative spacing
[LX 2025/10/20 20:18:42] Fixture Examples/Fan.lxf: Strip may not specify a negative spacing
[LX 2025/10/20 20:18:42] Fixture Examples/Fan.lxf: Strip may not specify a negative spacing
[LX 2025/10/20 20:18:42] Fixture Examples/Fan.lxf: Strip may not specify a negative spacing
[LX 2025/10/20 20:18:42] Fixture Examples/Fan.lxf: Strip may not specify a negative spacing
[LX 2025/10/20 20:18:42] Fixture Examples/Fan.lxf: Strip may not specify a negative spacing
[LX 2025/10/20 20:18:42] Fixture Examples/Fan.lxf: Strip may not specify a negative spacing
[LX 2025/10/20 20:18:42] Fixture Examples/Fan.lxf: Strip may not specify a negative spacing
[LX 2025/10/20 20:18:42] Fixture Examples/Fan.lxf: Strip may not specify a negative spacing
[LX 2025/10/20 20:18:42] Fixture Examples/Fan.lxf: Strip may not specify a negative spacing
[LX 2025/10/20 20:18:42] Fixture Examples/Fan.lxf: Strip may not specify a negative spacing
[LX 2025/10/20 20:18:42] Fixture Examples/Fan.lxf: Strip may not specify a negative spacing
[LX 2025/10/20 20:18:42] Fixture Examples/Fan.lxf: Strip may not specify a negative spacing
[LX 2025/10/20 20:18:42] Fixture Examples/Fan.lxf: Strip may not specify a negative spacing
[LX 2025/10/20 20:18:42] Fixture Examples/Fan.lxf: Strip may not specify a negative spacing
[LX 2025/10/20 20:18:42] Fixture Examples/Fan.lxf: Strip may not specify a negative spacing
[LX 2025/10/20 20:18:42] Fixture Examples/Fan.lxf: Strip may not specify a negative spacing
[LX 2025/10/20 20:18:42] Fixture Examples/Fan.lxf: Strip may not specify a negative spacing
[LX 2025/10/20 20:18:42] Fixture Examples/Fan.lxf: Strip may not specify a negative spacing
[LX 2025/10/20 20:18:42] Fixture Examples/Fan.lxf: Strip may not specify a negative spacing
[LX 2025/10/20 20:18:42] Fixture Examples/Fan.lxf: Strip may not specify a negative spacing
[LX 2025/10/20 20:18:42] Fixture Examples/Fan.lxf: Strip may not specify a negative spacing
[LX 2025/10/20 20:18:42] Fixture Examples/Fan.lxf: Strip may not specify a negative spacing
[LX 2025/10/20 20:18:42] Fixture Examples/Fan.lxf: Strip may not specify a negative spacing
[LX 2025/10/20 20:18:42] Fixture Examples/Fan.lxf: Strip may not specify a negative spacing
[LX 2025/10/20 20:18:42] Fixture Examples/Fan.lxf: Strip may not specify a negative spacing
[LX 2025/10/20 20:18:42] Fixture Examples/Fan.lxf: Strip may not specify a negative spacing
[LX 2025/10/20 20:18:42] Fixture Examples/Fan.lxf: Strip may not specify a negative spacing
[LX 2025/10/20 20:18:42] Fixture Examples/Fan.lxf: Strip may not specify a negative spacing
[LX 2025/10/20 20:18:42] Fixture Examples/Fan.lxf: Strip may not specify a negative spacing
[LX 2025/10/20 20:18:42] Fixture Examples/Fan.lxf: Strip may not specify a negative spacing
[LX 2025/10/20 20:18:42] Fixture Examples/Fan.lxf: Strip may not specify a negative spacing
[LX 2025/10/20 20:18:42] Fixture Examples/Fan.lxf: Strip may not specify a negative spacing
[LX 2025/10/20 20:18:42] Fixture Examples/Fan.lxf: Strip may not specify a negative spacing
[LX 2025/10/20 20:18:42] Fixture Examples/Fan.lxf: Strip may not specify a negative spacing
[LX 2025/10/20 20:18:42] Fixture Examples/Fan.lxf: Strip may not specify a negative spacing
[LX 2025/10/20 20:18:42] Fixture Examples/Fan.lxf: Strip may not specify a negative spacing
[LX 2025/10/20 20:18:42] Fixture Examples/Fan.lxf: Strip may not specify a negative spacing
[LX 2025/10/20 20:18:42] Fixture Examples/Fan.lxf: Strip may not specify a negative spacing
[LX 2025/10/20 20:18:42] Fixture Examples/Fan.lxf: Strip may not specify a negative spacing
[LX 2025/10/20 20:18:42] Fixture Examples/Fan.lxf: Strip may not specify a negative spacing
[LX 2025/10/20 20:18:42] Fixture Examples/Fan.lxf: Strip may not specify a negative spacing
[LX 2025/10/20 20:18:42] Fixture Examples/Fan.lxf: Strip may not specify a negative spacing
[LX 2025/10/20 20:18:42] Fixture Examples/Fan.lxf: Strip may not specify a negative spacing
[LX 2025/10/20 20:18:42] Fixture Examples/Fan.lxf: Strip may not specify a negative spacing
[LX 2025/10/20 20:18:42] Fixture Examples/Fan.lxf: Strip may not specify a negative spacing
[LX 2025/10/20 20:18:42] Fixture Examples/Fan.lxf: Strip may not specify a negative spacing
[LX 2025/10/20 20:18:42] Fixture Examples/Fan.lxf: Strip may not specify a negative spacing
[LX 2025/10/20 20:18:42] Fixture Examples/Fan.lxf: Strip may not specify a negative spacing
[LX 2025/10/20 20:18:42] Fixture Examples/Fan.lxf: Strip may not specify a negative spacing
[LX 2025/10/20 20:18:42] Fixture Examples/Fan.lxf: Strip may not specify a negative spacing
[LX 2025/10/20 20:18:42] Fixture Examples/Fan.lxf: Strip may not specify a negative spacing
[LX 2025/10/20 20:18:42] Fixture Examples/Fan.lxf: Strip may not specify a negative spacing
[LX 2025/10/20 20:18:42] Fixture Examples/Fan.lxf: Strip may not specify a negative spacing
[LX 2025/10/20 20:18:42] Fixture Examples/Fan.lxf: Strip may not specify a negative spacing
[LX 2025/10/20 20:18:42] Fixture Examples/Fan.lxf: Strip may not specify a negative spacing
[LX 2025/10/20 20:18:42] Fixture Examples/Fan.lxf: Strip may not specify a negative spacing
[LX 2025/10/20 20:18:42] Fixture Examples/Fan.lxf: Strip may not specify a negative spacing
[LX 2025/10/20 20:18:42] Fixture Examples/Fan.lxf: Strip may not specify a negative spacing
[LX 2025/10/20 20:18:42] Fixture Examples/Fan.lxf: Strip may not specify a negative spacing
[LX 2025/10/20 20:18:42] Fixture Examples/Fan.lxf: Strip may not specify a negative spacing
[LX 2025/10/20 20:18:42] Fixture Examples/Fan.lxf: Strip may not specify a negative spacing
[LX 2025/10/20 20:18:42] Fixture Examples/Fan.lxf: Strip may not specify a negative spacing
[LX 2025/10/20 20:18:42] Fixture Examples/Fan.lxf: Strip may not specify a negative spacing
[LX 2025/10/20 20:18:42] Fixture Examples/Fan.lxf: Strip may not specify a negative spacing
[LX 2025/10/20 20:18:42] Fixture Examples/Fan.lxf: Strip may not specify a negative spacing
[LX 2025/10/20 20:18:42] Fixture Examples/Fan.lxf: Strip may not specify a negative spacing
[LX 2025/10/20 20:18:42] Fixture Examples/Fan.lxf: Strip may not specify a negative spacing
[LX 2025/10/20 20:18:42] Fixture Examples/Fan.lxf: Strip may not specify a negative spacing
[LX 2025/10/20 20:18:42] Fixture Examples/Fan.lxf: Strip may not specify a negative spacing
[LX 2025/10/20 20:18:42] Fixture Examples/Fan.lxf: Strip may not specify a negative spacing
[LX 2025/10/20 20:18:42] Fixture Examples/Fan.lxf: Strip may not specify a negative spacing
[LX 2025/10/20 20:18:42] Fixture Examples/Fan.lxf: Strip may not specify a negative spacing
[LX 2025/10/20 20:18:42] Fixture Examples/Fan.lxf: Strip may not specify a negative spacing
[LX 2025/10/20 20:18:42] Fixture Examples/Fan.lxf: Strip may not specify a negative spacing
[LX 2025/10/20 20:18:42] Fixture Examples/Fan.lxf: Strip may not specify a negative spacing
[LX 2025/10/20 20:18:42] Fixture Examples/Fan.lxf: Strip may not specify a negative spacing
[LX 2025/10/20 20:18:42] Fixture Examples/Fan.lxf: Strip may not specify a negative spacing
[LX 2025/10/20 20:18:42] Fixture Examples/Fan.lxf: Strip may not specify a negative spacing
[LX 2025/10/20 20:18:42] Fixture Examples/Fan.lxf: Strip may not specify a negative spacing
[LX 2025/10/20 20:18:42] Fixture Examples/Fan.lxf: Strip may not specify a negative spacing
[LX 2025/10/20 20:18:42] Fixture Examples/Fan.lxf: Strip may not specify a negative spacing
[LX 2025/10/20 20:18:42] Fixture Examples/Fan.lxf: Strip may not specify a negative spacing
[LX 2025/10/20 20:18:42] Fixture Examples/Fan.lxf: Strip may not specify a negative spacing
[LX 2025/10/20 20:18:42] Fixture Examples/Fan.lxf: Strip may not specify a negative spacing
[LX 2025/10/20 20:18:42] Fixture Examples/Fan.lxf: Strip may not specify a negative spacing
[LX 2025/10/20 20:18:42] Fixture Examples/Fan.lxf: Strip may not specify a negative spacing
[LX 2025/10/20 20:18:42] Fixture Examples/Fan.lxf: Strip may not specify a negative spacing
[LX 2025/10/20 20:18:42] Fixture Examples/Fan.lxf: Strip may not specify a negative spacing
[LX 2025/10/20 20:18:42] Fixture Examples/Fan.lxf: Strip may not specify a negative spacing
[LX 2025/10/20 20:18:42] Fixture Examples/Fan.lxf: Strip may not specify a negative spacing
[LX 2025/10/20 20:18:42] Fixture Examples/Fan.lxf: Strip may not specify a negative spacing
[LX 2025/10/20 20:18:42] Fixture Examples/Fan.lxf: Strip may not specify a negative spacing
[LX 2025/10/20 20:18:42] Fixture Examples/Fan.lxf: Strip may not specify a negative spacing
[LX 2025/10/20 20:18:42] Fixture Examples/Fan.lxf: Strip may not specify a negative spacing
[LX 2025/10/20 20:18:42] Fixture Examples/Fan.lxf: Strip may not specify a negative spacing
[LX 2025/10/20 20:18:42] Fixture Examples/Fan.lxf: Strip may not specify a negative spacing
[LX 2025/10/20 20:18:42] Fixture Examples/Fan.lxf: Strip may not specify a negative spacing
[LX 2025/10/20 20:18:42] Fixture Examples/Fan.lxf: Strip may not specify a negative spacing
[LX 2025/10/20 20:18:42] Fixture Examples/Fan.lxf: Strip may not specify a negative spacing
[LX 2025/10/20 20:18:42] Fixture Examples/Fan.lxf: Strip may not specify a negative spacing
[LX 2025/10/20 20:18:42] Fixture Examples/Fan.lxf: Strip may not specify a negative spacing
[LX 2025/10/20 20:18:42] Fixture Examples/Fan.lxf: Strip may not specify a negative spacing
[LX 2025/10/20 20:18:42] Fixture Examples/Fan.lxf: Strip may not specify a negative spacing
[LX 2025/10/20 20:18:42] Fixture Examples/Fan.lxf: Strip may not specify a negative spacing
[LX 2025/10/20 20:18:42] Fixture Examples/Fan.lxf: Strip may not specify a negative spacing
[LX 2025/10/20 20:18:42] Fixture Examples/Fan.lxf: Strip may not specify a negative spacing
[LX 2025/10/20 20:18:42] Fixture Examples/Fan.lxf: Strip may not specify a negative spacing
[LX 2025/10/20 20:18:42] Fixture Examples/Fan.lxf: Strip may not specify a negative spacing
[LX 2025/10/20 20:18:42] Fixture Examples/Fan.lxf: Strip may not specify a negative spacing
[LX 2025/10/20 20:18:42] Fixture Examples/Fan.lxf: Strip may not specify a negative spacing
[LX 2025/10/20 20:18:42] Fixture Examples/Fan.lxf: Strip may not specify a negative spacing
[LX 2025/10/20 20:18:42] Fixture Examples/Fan.lxf: Strip may not specify a negative spacing
[LX 2025/10/20 20:18:42] Fixture Examples/Fan.lxf: Strip may not specify a negative spacing
[LX 2025/10/20 20:18:42] Fixture Examples/Fan.lxf: Strip may not specify a negative spacing
[LX 2025/10/20 20:18:42] Fixture Examples/Fan.lxf: Strip may not specify a negative spacing
[LX 2025/10/20 20:18:42] Fixture Examples/Fan.lxf: Strip may not specify a negative spacing
[LX 2025/10/20 20:18:42] Fixture Examples/Fan.lxf: Strip may not specify a negative spacing
[LX 2025/10/20 20:18:42] Fixture Examples/Fan.lxf: Strip may not specify a negative spacing
[LX 2025/10/20 20:18:42] Fixture Examples/Fan.lxf: Strip may not specify a negative spacing
[LX 2025/10/20 20:18:42] Fixture Examples/Fan.lxf: Strip may not specify a negative spacing
[LX 2025/10/20 20:18:42] Fixture Examples/Fan.lxf: Strip may not specify a negative spacing
[LX 2025/10/20 20:18:42] Fixture Examples/Fan.lxf: Strip may not specify a negative spacing
[LX 2025/10/20 20:18:42] Fixture Examples/Fan.lxf: Strip may not specify a negative spacing
[LX 2025/10/20 20:18:42] Fixture Examples/Fan.lxf: Strip may not specify a negative spacing
[LX 2025/10/20 20:18:42] Fixture Examples/Fan.lxf: Strip may not specify a negative spacing
[LX 2025/10/20 20:18:42] Fixture Examples/Fan.lxf: Strip may not specify a negative spacing
[LX 2025/10/20 20:18:42] Fixture Examples/Fan.lxf: Strip may not specify a negative spacing
[LX 2025/10/20 20:18:42] Fixture Examples/Fan.lxf: Strip may not specify a negative spacing
[LX 2025/10/20 20:18:42] Fixture Examples/Fan.lxf: Strip may not specify a negative spacing
[LX 2025/10/20 20:18:42] Fixture Examples/Fan.lxf: Strip may not specify a negative spacing
[LX 2025/10/20 20:18:42] Fixture Examples/Fan.lxf: Strip may not specify a negative spacing
[LX 2025/10/20 20:18:42] Fixture Examples/Fan.lxf: Strip may not specify a negative spacing
[LX 2025/10/20 20:18:42] Fixture Examples/Fan.lxf: Strip may not specify a negative spacing
[LX 2025/10/20 20:18:42] Fixture Examples/Fan.lxf: Strip may not specify a negative spacing
[LX 2025/10/20 20:18:42] Fixture Examples/Fan.lxf: Strip may not specify a negative spacing
[LX 2025/10/20 20:18:42] Fixture Examples/Fan.lxf: Strip may not specify a negative spacing
[LX 2025/10/20 20:18:42] Fixture Examples/Fan.lxf: Strip may not specify a negative spacing
[LX 2025/10/20 20:18:42] Fixture Examples/Fan.lxf: Strip may not specify a negative spacing
[LX 2025/10/20 20:18:42] Fixture Examples/Fan.lxf: Strip may not specify a negative spacing
[LX 2025/10/20 20:18:42] Fixture Examples/Fan.lxf: Strip may not specify a negative spacing
[LX 2025/10/20 20:18:42] Fixture Examples/Fan.lxf: Strip may not specify a negative spacing
[LX 2025/10/20 20:18:42] Fixture Examples/Fan.lxf: Strip may not specify a negative spacing
[LX 2025/10/20 20:18:42] Fixture Examples/Fan.lxf: Strip may not specify a negative spacing
[LX 2025/10/20 20:18:42] Fixture Examples/Fan.lxf: Strip may not specify a negative spacing
[LX 2025/10/20 20:18:42] Fixture Examples/Fan.lxf: Strip may not specify a negative spacing
[LX 2025/10/20 20:18:42] Fixture Examples/Fan.lxf: Strip may not specify a negative spacing
[LX 2025/10/20 20:18:42] Fixture Examples/Fan.lxf: Strip may not specify a negative spacing
[LX 2025/10/20 20:18:42] Fixture Examples/Fan.lxf: Strip may not specify a negative spacing
[LX 2025/10/20 20:18:42] Fixture Examples/Fan.lxf: Strip may not specify a negative spacing
[LX 2025/10/20 20:18:42] Fixture Examples/Fan.lxf: Strip may not specify a negative spacing
[LX 2025/10/20 20:18:42] Fixture Examples/Fan.lxf: Strip may not specify a negative spacing
[LX 2025/10/20 20:18:42] Fixture Examples/Fan.lxf: Strip may not specify a negative spacing
[LX 2025/10/20 20:18:42] Fixture Examples/Fan.lxf: Strip may not specify a negative spacing
[LX 2025/10/20 20:18:42] Fixture Examples/Fan.lxf: Strip may not specify a negative spacing
[LX 2025/10/20 20:18:42] Fixture Examples/Fan.lxf: Strip may not specify a negative spacing
[LX 2025/10/20 20:18:42] Fixture Examples/Fan.lxf: Strip may not specify a negative spacing
[LX 2025/10/20 20:18:42] Fixture Examples/Fan.lxf: Strip may not specify a negative spacing
[LX 2025/10/20 20:18:42] Fixture Examples/Fan.lxf: Strip may not specify a negative spacing
[LX 2025/10/20 20:18:42] Fixture Examples/Fan.lxf: Strip may not specify a negative spacing
[LX 2025/10/20 20:18:42] Fixture Examples/Fan.lxf: Strip may not specify a negative spacing
[LX 2025/10/20 20:18:42] Fixture Examples/Fan.lxf: Strip may not specify a negative spacing
[LX 2025/10/20 20:18:42] Fixture Examples/Fan.lxf: Strip may not specify a negative spacing
[LX 2025/10/20 20:18:42] Fixture Examples/Fan.lxf: Strip may not specify a negative spacing
[LX 2025/10/20 20:18:42] Fixture Examples/Fan.lxf: Strip may not specify a negative spacing
[LX 2025/10/20 20:18:42] Fixture Examples/Fan.lxf: Strip may not specify a negative spacing
[LX 2025/10/20 20:18:42] Fixture Examples/Fan.lxf: Strip may not specify a negative spacing
[LX 2025/10/20 20:18:42] Fixture Examples/Fan.lxf: Strip may not specify a negative spacing
[LX 2025/10/20 20:18:42] Fixture Examples/Fan.lxf: Strip may not specify a negative spacing
[LX 2025/10/20 20:18:42] Fixture Examples/Fan.lxf: Strip may not specify a negative spacing
[LX 2025/10/20 20:18:42] Fixture Examples/Fan.lxf: Strip may not specify a negative spacing
[LX 2025/10/20 20:18:42] Fixture Examples/Fan.lxf: Strip may not specify a negative spacing
[LX 2025/10/20 20:18:42] Fixture Examples/Fan.lxf: Strip may not specify a negative spacing
[LX 2025/10/20 20:18:42] Fixture Examples/Fan.lxf: Strip may not specify a negative spacing
[LX 2025/10/20 20:18:42] Fixture Examples/Fan.lxf: Strip may not specify a negative spacing
[LX 2025/10/20 20:18:42] Fixture Examples/Fan.lxf: Strip may not specify a negative spacing
[LX 2025/10/20 20:18:42] Fixture Examples/Fan.lxf: Strip may not specify a negative spacing
[LX 2025/10/20 20:18:42] Fixture Examples/Fan.lxf: Strip may not specify a negative spacing
[LX 2025/10/20 20:18:42] Fixture Examples/Fan.lxf: Strip may not specify a negative spacing
[LX 2025/10/20 20:18:42] Fixture Examples/Fan.lxf: Strip may not specify a negative spacing
[LX 2025/10/20 20:18:42] Fixture Examples/Fan.lxf: Strip may not specify a negative spacing
[LX 2025/10/20 20:18:42] Fixture Examples/Fan.lxf: Strip may not specify a negative spacing
[LX 2025/10/20 20:18:42] Fixture Examples/Fan.lxf: Strip may not specify a negative spacing
[LX 2025/10/20 20:18:42] Fixture Examples/Fan.lxf: Strip may not specify a negative spacing
[LX 2025/10/20 20:18:42] Fixture Examples/Fan.lxf: Strip may not specify a negative spacing
[LX 2025/10/20 20:18:42] Fixture Examples/Fan.lxf: Strip may not specify a negative spacing
[LX 2025/10/20 20:18:42] Fixture Examples/Fan.lxf: Strip may not specify a negative spacing
[LX 2025/10/20 20:18:42] Fixture Examples/Fan.lxf: Strip may not specify a negative spacing
[LX 2025/10/20 20:18:42] Fixture Examples/Fan.lxf: Strip may not specify a negative spacing
[LX 2025/10/20 20:18:42] Fixture Examples/Fan.lxf: Strip may not specify a negative spacing
[LX 2025/10/20 20:18:42] Fixture Examples/Fan.lxf: Strip may not specify a negative spacing
[LX 2025/10/20 20:18:42] Fixture Examples/Fan.lxf: Strip may not specify a negative spacing
[LX 2025/10/20 20:18:42] Fixture Examples/Fan.lxf: Strip may not specify a negative spacing
[LX 2025/10/20 20:18:42] Fixture Examples/Fan.lxf: Strip may not specify a negative spacing
[LX 2025/10/20 20:18:42] Fixture Examples/Fan.lxf: Strip may not specify a negative spacing
[LX 2025/10/20 20:18:42] Fixture Examples/Fan.lxf: Strip may not specify a negative spacing
[LX 2025/10/20 20:18:42] Fixture Examples/Fan.lxf: Strip may not specify a negative spacing
[LX 2025/10/20 20:18:42] Fixture Examples/Fan.lxf: Strip may not specify a negative spacing
[LX 2025/10/20 20:18:42] Fixture Examples/Fan.lxf: Strip may not specify a negative spacing
[LX 2025/10/20 20:18:42] Fixture Examples/Fan.lxf: Strip may not specify a negative spacing
[LX 2025/10/20 20:18:42] Fixture Examples/Fan.lxf: Strip may not specify a negative spacing
[LX 2025/10/20 20:18:42] Fixture Examples/Fan.lxf: Strip may not specify a negative spacing
[LX 2025/10/20 20:18:42] Fixture Examples/Fan.lxf: Strip may not specify a negative spacing
[LX 2025/10/20 20:18:42] Fixture Examples/Fan.lxf: Strip may not specify a negative spacing
[LX 2025/10/20 20:18:42] Fixture Examples/Fan.lxf: Strip may not specify a negative spacing
[LX 2025/10/20 20:18:42] Fixture Examples/Fan.lxf: Strip may not specify a negative spacing
[LX 2025/10/20 20:18:42] Fixture Examples/Fan.lxf: Strip may not specify a negative spacing
[LX 2025/10/20 20:18:42] Fixture Examples/Fan.lxf: Strip may not specify a negative spacing
[LX 2025/10/20 20:18:42] Fixture Examples/Fan.lxf: Strip may not specify a negative spacing
[LX 2025/10/20 20:18:42] Fixture Examples/Fan.lxf: Strip may not specify a negative spacing
[LX 2025/10/20 20:18:42] Fixture Examples/Fan.lxf: Strip may not specify a negative spacing
[LX 2025/10/20 20:18:42] Fixture Examples/Fan.lxf: Strip may not specify a negative spacing
[LX 2025/10/20 20:18:42] Fixture Examples/Fan.lxf: Strip may not specify a negative spacing
[LX 2025/10/20 20:18:42] Fixture Examples/Fan.lxf: Strip may not specify a negative spacing
[LX 2025/10/20 20:18:42] Fixture Examples/Fan.lxf: Strip may not specify a negative spacing
[LX 2025/10/20 20:18:42] Fixture Examples/Fan.lxf: Strip may not specify a negative spacing
[LX 2025/10/20 20:18:42] Fixture Examples/Fan.lxf: Strip may not specify a negative spacing
[LX 2025/10/20 20:18:42] Fixture Examples/Fan.lxf: Strip may not specify a negative spacing
[LX 2025/10/20 20:18:42] Fixture Examples/Fan.lxf: Strip may not specify a negative spacing
[LX 2025/10/20 20:18:42] Fixture Examples/Fan.lxf: Strip may not specify a negative spacing
[LX 2025/10/20 20:18:42] Fixture Examples/Fan.lxf: Strip may not specify a negative spacing
[LX 2025/10/20 20:18:42] Fixture Examples/Fan.lxf: Strip may not specify a negative spacing
[LX 2025/10/20 20:18:42] Fixture Examples/Fan.lxf: Strip may not specify a negative spacing
[LX 2025/10/20 20:18:42] Fixture Examples/Fan.lxf: Strip may not specify a negative spacing
[LX 2025/10/20 20:18:42] Fixture Examples/Fan.lxf: Strip may not specify a negative spacing
[LX 2025/10/20 20:18:42] Fixture Examples/Fan.lxf: Strip may not specify a negative spacing
[LX 2025/10/20 20:18:42] Fixture Examples/Fan.lxf: Strip may not specify a negative spacing
[LX 2025/10/20 20:18:42] Fixture Examples/Fan.lxf: Strip may not specify a negative spacing
[LX 2025/10/20 20:18:42] Fixture Examples/Fan.lxf: Strip may not specify a negative spacing
[LX 2025/10/20 20:18:42] Fixture Examples/Fan.lxf: Strip may not specify a negative spacing
[LX 2025/10/20 20:18:42] Fixture Examples/Fan.lxf: Strip may not specify a negative spacing
[LX 2025/10/20 20:18:42] Fixture Examples/Fan.lxf: Strip may not specify a negative spacing
[LX 2025/10/20 20:18:42] Fixture Examples/Fan.lxf: Strip may not specify a negative spacing
[LX 2025/10/20 20:18:42] Fixture Examples/Fan.lxf: Strip may not specify a negative spacing
[LX 2025/10/20 20:18:42] Fixture Examples/Fan.lxf: Strip may not specify a negative spacing
[LX 2025/10/20 20:18:42] Fixture Examples/Fan.lxf: Strip may not specify a negative spacing
[LX 2025/10/20 20:18:42] Fixture Examples/Fan.lxf: Strip may not specify a negative spacing
[LX 2025/10/20 20:18:42] Fixture Examples/Fan.lxf: Strip may not specify a negative spacing
[LX 2025/10/20 20:18:42] Fixture Examples/Fan.lxf: Strip may not specify a negative spacing
[LX 2025/10/20 20:18:42] Fixture Examples/Fan.lxf: Strip may not specify a negative spacing
[LX 2025/10/20 20:18:42] Fixture Examples/Fan.lxf: Strip may not specify a negative spacing
[LX 2025/10/20 20:18:42] Fixture Examples/Fan.lxf: Strip may not specify a negative spacing
[LX 2025/10/20 20:18:42] Fixture Examples/Fan.lxf: Strip may not specify a negative spacing
[LX 2025/10/20 20:18:42] Fixture Examples/Fan.lxf: Strip may not specify a negative spacing
[LX 2025/10/20 20:18:42] Fixture Examples/Fan.lxf: Strip may not specify a negative spacing
[LX 2025/10/20 20:18:42] Fixture Examples/Fan.lxf: Strip may not specify a negative spacing
[LX 2025/10/20 20:18:42] Fixture Examples/Fan.lxf: Strip may not specify a negative spacing
[LX 2025/10/20 20:18:42] Fixture Examples/Fan.lxf: Strip may not specify a negative spacing
[LX 2025/10/20 20:18:42] Fixture Examples/Fan.lxf: Strip may not specify a negative spacing
[LX 2025/10/20 20:18:42] Fixture Examples/Fan.lxf: Strip may not specify a negative spacing
[LX 2025/10/20 20:18:42] Fixture Examples/Fan.lxf: Strip may not specify a negative spacing
[LX 2025/10/20 20:18:42] Fixture Examples/Fan.lxf: Strip may not specify a negative spacing
[LX 2025/10/20 20:18:42] Fixture Examples/Fan.lxf: Strip may not specify a negative spacing
[LX 2025/10/20 20:18:42] Fixture Examples/Fan.lxf: Strip may not specify a negative spacing
[LX 2025/10/20 20:18:42] Fixture Examples/Fan.lxf: Strip may not specify a negative spacing
[LX 2025/10/20 20:18:42] Fixture Examples/Fan.lxf: Strip may not specify a negative spacing
[LX 2025/10/20 20:18:42] Fixture Examples/Fan.lxf: Strip may not specify a negative spacing
[LX 2025/10/20 20:18:42] Fixture Examples/Fan.lxf: Strip may not specify a negative spacing
[LX 2025/10/20 20:18:42] Fixture Examples/Fan.lxf: Strip may not specify a negative spacing
[LX 2025/10/20 20:18:42] Fixture Examples/Fan.lxf: Strip may not specify a negative spacing
[LX 2025/10/20 20:18:42] Fixture Examples/Fan.lxf: Strip may not specify a negative spacing
[LX 2025/10/20 20:18:42] Fixture Examples/Fan.lxf: Strip may not specify a negative spacing
[LX 2025/10/20 20:18:42] Fixture Examples/Fan.lxf: Strip may not specify a negative spacing
[LX 2025/10/20 20:18:42] Fixture Examples/Fan.lxf: Strip may not specify a negative spacing
[LX 2025/10/20 20:18:42] Fixture Examples/Fan.lxf: Strip may not specify a negative spacing
[LX 2025/10/20 20:18:42] Fixture Examples/Fan.lxf: Strip may not specify a negative spacing
[LX 2025/10/20 20:18:42] Fixture Examples/Fan.lxf: Strip may not specify a negative spacing
[LX 2025/10/20 20:18:42] Fixture Examples/Fan.lxf: Strip may not specify a negative spacing
[LX 2025/10/20 20:18:42] Fixture Examples/Fan.lxf: Strip may not specify a negative spacing
[LX 2025/10/20 20:18:42] Fixture Examples/Fan.lxf: Strip may not specify a negative spacing
[LX 2025/10/20 20:18:42] Fixture Examples/Fan.lxf: Strip may not specify a negative spacing
[LX 2025/10/20 20:18:42] Fixture Examples/Fan.lxf: Strip may not specify a negative spacing
[LX 2025/10/20 20:18:42] Fixture Examples/Fan.lxf: Strip may not specify a negative spacing
[LX 2025/10/20 20:18:42] Fixture Examples/Fan.lxf: Strip may not specify a negative spacing
[LX 2025/10/20 20:18:42] Fixture Examples/Fan.lxf: Strip may not specify a negative spacing
[LX 2025/10/20 20:18:42] Fixture Examples/Fan.lxf: Strip may not specify a negative spacing
[LX 2025/10/20 20:18:42] Fixture Examples/Fan.lxf: Strip may not specify a negative spacing
[LX 2025/10/20 20:18:42] Fixture Examples/Fan.lxf: Strip may not specify a negative spacing
[LX 2025/10/20 20:18:42] Fixture Examples/Fan.lxf: Strip may not specify a negative spacing
[LX 2025/10/20 20:18:42] Fixture Examples/Fan.lxf: Strip may not specify a negative spacing
[LX 2025/10/20 20:18:42] Fixture Examples/Fan.lxf: Strip may not specify a negative spacing
[LX 2025/10/20 20:18:42] Fixture Examples/Fan.lxf: Strip may not specify a negative spacing
[LX 2025/10/20 20:18:42] Fixture Examples/Fan.lxf: Strip may not specify a negative spacing
[LX 2025/10/20 20:18:42] Fixture Examples/Fan.lxf: Strip may not specify a negative spacing
[LX 2025/10/20 20:18:42] Fixture Examples/Fan.lxf: Strip may not specify a negative spacing
[LX 2025/10/20 20:18:42] Fixture Examples/Fan.lxf: Strip may not specify a negative spacing
[LX 2025/10/20 20:18:42] Fixture Examples/Fan.lxf: Strip may not specify a negative spacing
[LX 2025/10/20 20:18:42] Fixture Examples/Fan.lxf: Strip may not specify a negative spacing
[LX 2025/10/20 20:18:42] Fixture Examples/Fan.lxf: Strip may not specify a negative spacing
[LX 2025/10/20 20:18:42] Fixture Examples/Fan.lxf: Strip may not specify a negative spacing
[LX 2025/10/20 20:18:42] Fixture Examples/Fan.lxf: Strip may not specify a negative spacing
[LX 2025/10/20 20:18:42] Fixture Examples/Fan.lxf: Strip may not specify a negative spacing
[LX 2025/10/20 20:18:42] Fixture Examples/Fan.lxf: Strip may not specify a negative spacing
[LX 2025/10/20 20:18:42] Fixture Examples/Fan.lxf: Strip may not specify a negative spacing
[LX 2025/10/20 20:18:42] Fixture Examples/Fan.lxf: Strip may not specify a negative spacing
[LX 2025/10/20 20:18:42] Fixture Examples/Fan.lxf: Strip may not specify a negative spacing
[LX 2025/10/20 20:18:42] Fixture Examples/Fan.lxf: Strip may not specify a negative spacing
[LX 2025/10/20 20:18:42] Fixture Examples/Fan.lxf: Strip may not specify a negative spacing
[LX 2025/10/20 20:18:42] Fixture Examples/Fan.lxf: Strip may not specify a negative spacing
[LX 2025/10/20 20:18:42] Fixture Examples/Fan.lxf: Strip may not specify a negative spacing
[LX 2025/10/20 20:18:42] Fixture Examples/Fan.lxf: Strip may not specify a negative spacing
[LX 2025/10/20 20:18:42] Fixture Examples/Fan.lxf: Strip may not specify a negative spacing
[LX 2025/10/20 20:18:42] Fixture Examples/Fan.lxf: Strip may not specify a negative spacing
[LX 2025/10/20 20:18:42] Fixture Examples/Fan.lxf: Strip may not specify a negative spacing
[LX 2025/10/20 20:18:42] Fixture Examples/Fan.lxf: Strip may not specify a negative spacing
[LX 2025/10/20 20:18:42] Fixture Examples/Fan.lxf: Strip may not specify a negative spacing
[LX 2025/10/20 20:18:42] Fixture Examples/Fan.lxf: Strip may not specify a negative spacing
[LX 2025/10/20 20:18:42] Fixture Examples/Fan.lxf: Strip may not specify a negative spacing
[LX 2025/10/20 20:18:42] Fixture Examples/Fan.lxf: Strip may not specify a negative spacing
[LX 2025/10/20 20:18:42] Fixture Examples/Fan.lxf: Strip may not specify a negative spacing
[LX 2025/10/20 20:18:42] Fixture Examples/Fan.lxf: Strip may not specify a negative spacing
[LX 2025/10/20 20:18:42] Fixture Examples/Fan.lxf: Strip may not specify a negative spacing
[LX 2025/10/20 20:18:42] Fixture Examples/Fan.lxf: Strip may not specify a negative spacing
[LX 2025/10/20 20:18:42] Fixture Examples/Fan.lxf: Strip may not specify a negative spacing
[LX 2025/10/20 20:18:42] Fixture Examples/Fan.lxf: Strip may not specify a negative spacing
[LX 2025/10/20 20:18:42] Fixture Examples/Fan.lxf: Strip may not specify a negative spacing
[LX 2025/10/20 20:18:42] Fixture Examples/Fan.lxf: Strip may not specify a negative spacing
[LX 2025/10/20 20:18:42] Fixture Examples/Fan.lxf: Strip may not specify a negative spacing
[LX 2025/10/20 20:18:42] Fixture Examples/Fan.lxf: Strip may not specify a negative spacing
[LX 2025/10/20 20:18:42] Fixture Examples/Fan.lxf: Strip may not specify a negative spacing
[LX 2025/10/20 20:18:42] Fixture Examples/Fan.lxf: Strip may not specify a negative spacing
[LX 2025/10/20 20:18:42] Fixture Examples/Fan.lxf: Strip may not specify a negative spacing
[LX 2025/10/20 20:18:42] Fixture Examples/Fan.lxf: Strip may not specify a negative spacing
[LX 2025/10/20 20:18:42] Fixture Examples/Fan.lxf: Strip may not specify a negative spacing
[LX 2025/10/20 20:18:42] Fixture Examples/Fan.lxf: Strip may not specify a negative spacing
[LX 2025/10/20 20:18:42] Fixture Examples/Fan.lxf: Strip may not specify a negative spacing
[LX 2025/10/20 20:18:42] Fixture Examples/Fan.lxf: Strip may not specify a negative spacing
[LX 2025/10/20 20:18:42] Fixture Examples/Fan.lxf: Strip may not specify a negative spacing
[LX 2025/10/20 20:18:42] Fixture Examples/Fan.lxf: Strip may not specify a negative spacing
[LX 2025/10/20 20:18:42] Fixture Examples/Fan.lxf: Strip may not specify a negative spacing
[LX 2025/10/20 20:18:42] Fixture Examples/Fan.lxf: Strip may not specify a negative spacing
[LX 2025/10/20 20:18:42] Fixture Examples/Fan.lxf: Strip may not specify a negative spacing
[LX 2025/10/20 20:18:42] Fixture Examples/Fan.lxf: Strip may not specify a negative spacing
[LX 2025/10/20 20:18:42] Fixture Examples/Fan.lxf: Strip may not specify a negative spacing
[LX 2025/10/20 20:18:42] Fixture Examples/Fan.lxf: Strip may not specify a negative spacing
[LX 2025/10/20 20:18:42] Fixture Examples/Fan.lxf: Strip may not specify a negative spacing
[LX 2025/10/20 20:18:42] Fixture Examples/Fan.lxf: Strip may not specify a negative spacing
[LX 2025/10/20 20:18:42] Fixture Examples/Fan.lxf: Strip may not specify a negative spacing
[LX 2025/10/20 20:18:42] Fixture Examples/Fan.lxf: Strip may not specify a negative spacing
[LX 2025/10/20 20:18:42] Fixture Examples/Fan.lxf: Strip may not specify a negative spacing
[LX 2025/10/20 20:18:42] Fixture Examples/Fan.lxf: Strip may not specify a negative spacing
[LX 2025/10/20 20:18:42] Fixture Examples/Fan.lxf: Strip may not specify a negative spacing
[LX 2025/10/20 20:18:42] Fixture Examples/Fan.lxf: Strip may not specify a negative spacing
[LX 2025/10/20 20:18:42] Fixture Examples/Fan.lxf: Strip may not specify a negative spacing
[LX 2025/10/20 20:18:42] Fixture Examples/Fan.lxf: Strip may not specify a negative spacing
[LX 2025/10/20 20:18:42] Fixture Examples/Fan.lxf: Strip may not specify a negative spacing
[LX 2025/10/20 20:18:42] Fixture Examples/Fan.lxf: Strip may not specify a negative spacing
[LX 2025/10/20 20:18:42] Fixture Examples/Fan.lxf: Strip may not specify a negative spacing
[LX 2025/10/20 20:18:42] Fixture Examples/Fan.lxf: Strip may not specify a negative spacing
[LX 2025/10/20 20:18:42] Fixture Examples/Fan.lxf: Strip may not specify a negative spacing
[LX 2025/10/20 20:18:42] Fixture Examples/Fan.lxf: Strip may not specify a negative spacing
[LX 2025/10/20 20:18:42] Fixture Examples/Fan.lxf: Strip may not specify a negative spacing
[LX 2025/10/20 20:18:42] Fixture Examples/Fan.lxf: Strip may not specify a negative spacing
[LX 2025/10/20 20:18:42] Fixture Examples/Fan.lxf: Strip may not specify a negative spacing
[LX 2025/10/20 20:18:42] Fixture Examples/Fan.lxf: Strip may not specify a negative spacing
[LX 2025/10/20 20:18:42] Fixture Examples/Fan.lxf: Strip may not specify a negative spacing
[LX 2025/10/20 20:18:42] Fixture Examples/Fan.lxf: Strip may not specify a negative spacing
[LX 2025/10/20 20:18:42] Fixture Examples/Fan.lxf: Strip may not specify a negative spacing
[LX 2025/10/20 20:18:42] Fixture Examples/Fan.lxf: Strip may not specify a negative spacing
[LX 2025/10/20 20:18:42] Fixture Examples/Fan.lxf: Strip may not specify a negative spacing
[LX 2025/10/20 20:18:42] Fixture Examples/Fan.lxf: Strip may not specify a negative spacing
[LX 2025/10/20 20:18:42] Fixture Examples/Fan.lxf: Strip may not specify a negative spacing
[LX 2025/10/20 20:18:42] Fixture Examples/Fan.lxf: Strip may not specify a negative spacing
[LX 2025/10/20 20:18:42] Fixture Examples/Fan.lxf: Strip may not specify a negative spacing
[LX 2025/10/20 20:18:42] Fixture Examples/Fan.lxf: Strip may not specify a negative spacing
[LX 2025/10/20 20:18:42] Fixture Examples/Fan.lxf: Strip may not specify a negative spacing
[LX 2025/10/20 20:18:42] Fixture Examples/Fan.lxf: Strip may not specify a negative spacing
[LX 2025/10/20 20:18:42] Fixture Examples/Fan.lxf: Strip may not specify a negative spacing
[LX 2025/10/20 20:18:42] Fixture Examples/Fan.lxf: Strip may not specify a negative spacing
[LX 2025/10/20 20:18:42] Fixture Examples/Fan.lxf: Strip may not specify a negative spacing
[LX 2025/10/20 20:18:42] Fixture Examples/Fan.lxf: Strip may not specify a negative spacing
[LX 2025/10/20 20:18:42] Fixture Examples/Fan.lxf: Strip may not specify a negative spacing
[LX 2025/10/20 20:18:42] Fixture Examples/Fan.lxf: Strip may not specify a negative spacing
[LX 2025/10/20 20:18:42] Fixture Examples/Fan.lxf: Strip may not specify a negative spacing
[LX 2025/10/20 20:18:42] Fixture Examples/Fan.lxf: Strip may not specify a negative spacing
[LX 2025/10/20 20:18:42] Fixture Examples/Fan.lxf: Strip may not specify a negative spacing
[LX 2025/10/20 20:18:42] Fixture Examples/Fan.lxf: Strip may not specify a negative spacing
[LX 2025/10/20 20:18:42] Fixture Examples/Fan.lxf: Strip may not specify a negative spacing
[LX 2025/10/20 20:18:42] Fixture Examples/Fan.lxf: Strip may not specify a negative spacing
[LX 2025/10/20 20:18:42] Fixture Examples/Fan.lxf: Strip may not specify a negative spacing
[LX 2025/10/20 20:18:42] Fixture Examples/Fan.lxf: Strip may not specify a negative spacing
[LX 2025/10/20 20:18:42] Fixture Examples/Fan.lxf: Strip may not specify a negative spacing
[LX 2025/10/20 20:18:42] Fixture Examples/Fan.lxf: Strip may not specify a negative spacing
[LX 2025/10/20 20:18:42] Fixture Examples/Fan.lxf: Strip may not specify a negative spacing
[LX 2025/10/20 20:18:42] Fixture Examples/Fan.lxf: Strip may not specify a negative spacing
[LX 2025/10/20 20:18:42] Fixture Examples/Fan.lxf: Strip may not specify a negative spacing
[LX 2025/10/20 20:18:42] Fixture Examples/Fan.lxf: Strip may not specify a negative spacing
[LX 2025/10/20 20:18:43] Fixture Examples/Fan.lxf: Strip may not specify a negative spacing
[LX 2025/10/20 20:18:43] Fixture Examples/Fan.lxf: Strip may not specify a negative spacing
[LX 2025/10/20 20:18:43] Fixture Examples/Fan.lxf: Strip may not specify a negative spacing
[LX 2025/10/20 20:18:43] Fixture Examples/Fan.lxf: Strip may not specify a negative spacing
[LX 2025/10/20 20:18:43] Fixture Examples/Fan.lxf: Strip may not specify a negative spacing
[LX 2025/10/20 20:18:43] Fixture Examples/Fan.lxf: Strip may not specify a negative spacing
[LX 2025/10/20 20:18:43] Fixture Examples/Fan.lxf: Strip may not specify a negative spacing
[LX 2025/10/20 20:18:43] Fixture Examples/Fan.lxf: Strip may not specify a negative spacing
[LX 2025/10/20 20:18:43] Fixture Examples/Fan.lxf: Strip may not specify a negative spacing
[LX 2025/10/20 20:18:43] Fixture Examples/Fan.lxf: Strip may not specify a negative spacing
[LX 2025/10/20 20:18:43] Fixture Examples/Fan.lxf: Strip may not specify a negative spacing
[LX 2025/10/20 20:18:43] Fixture Examples/Fan.lxf: Strip may not specify a negative spacing
[LX 2025/10/20 20:18:43] Fixture Examples/Fan.lxf: Strip may not specify a negative spacing
[LX 2025/10/20 20:18:43] Fixture Examples/Fan.lxf: Strip may not specify a negative spacing
[LX 2025/10/20 20:18:43] Fixture Examples/Fan.lxf: Strip may not specify a negative spacing
[LX 2025/10/20 20:18:43] Fixture Examples/Fan.lxf: Strip may not specify a negative spacing
[LX 2025/10/20 20:18:43] Fixture Examples/Fan.lxf: Strip may not specify a negative spacing
[LX 2025/10/20 20:18:43] Fixture Examples/Fan.lxf: Strip may not specify a negative spacing
[LX 2025/10/20 20:18:43] Fixture Examples/Fan.lxf: Strip may not specify a negative spacing
[LX 2025/10/20 20:18:43] Fixture Examples/Fan.lxf: Strip may not specify a negative spacing
[LX 2025/10/20 20:18:43] Fixture Examples/Fan.lxf: Strip may not specify a negative spacing
[LX 2025/10/20 20:18:43] Fixture Examples/Fan.lxf: Strip may not specify a negative spacing
[LX 2025/10/20 20:18:43] Fixture Examples/Fan.lxf: Strip may not specify a negative spacing
[LX 2025/10/20 20:18:43] Fixture Examples/Fan.lxf: Strip may not specify a negative spacing
[LX 2025/10/20 20:18:43] Fixture Examples/Fan.lxf: Strip may not specify a negative spacing
[LX 2025/10/20 20:18:43] Fixture Examples/Fan.lxf: Strip may not specify a negative spacing
[LX 2025/10/20 20:18:43] Fixture Examples/Fan.lxf: Strip may not specify a negative spacing
[LX 2025/10/20 20:18:43] Fixture Examples/Fan.lxf: Strip may not specify a negative spacing
[LX 2025/10/20 20:18:43] Fixture Examples/Fan.lxf: Strip may not specify a negative spacing
[LX 2025/10/20 20:18:43] Fixture Examples/Fan.lxf: Strip may not specify a negative spacing
[LX 2025/10/20 20:18:43] Fixture Examples/Fan.lxf: Strip may not specify a negative spacing
[LX 2025/10/20 20:18:43] Fixture Examples/Fan.lxf: Strip may not specify a negative spacing
[LX 2025/10/20 20:18:43] Fixture Examples/Fan.lxf: Strip may not specify a negative spacing
[LX 2025/10/20 20:18:43] Fixture Examples/Fan.lxf: Strip may not specify a negative spacing
[LX 2025/10/20 20:18:43] Fixture Examples/Fan.lxf: Strip may not specify a negative spacing
[LX 2025/10/20 20:18:43] Fixture Examples/Fan.lxf: Strip may not specify a negative spacing
[LX 2025/10/20 20:18:43] Fixture Examples/Fan.lxf: Strip may not specify a negative spacing
[LX 2025/10/20 20:18:43] Fixture Examples/Fan.lxf: Strip may not specify a negative spacing
[LX 2025/10/20 20:18:43] Fixture Examples/Fan.lxf: Strip may not specify a negative spacing
[LX 2025/10/20 20:18:43] Fixture Examples/Fan.lxf: Strip may not specify a negative spacing
[LX 2025/10/20 20:18:43] Fixture Examples/Fan.lxf: Strip may not specify a negative spacing
[LX 2025/10/20 20:18:43] Fixture Examples/Fan.lxf: Strip may not specify a negative spacing
[LX 2025/10/20 20:18:43] Fixture Examples/Fan.lxf: Strip may not specify a negative spacing
[LX 2025/10/20 20:18:43] Fixture Examples/Fan.lxf: Strip may not specify a negative spacing
[LX 2025/10/20 20:18:43] Fixture Examples/Fan.lxf: Strip may not specify a negative spacing
[LX 2025/10/20 20:18:43] Fixture Examples/Fan.lxf: Strip may not specify a negative spacing
[LX 2025/10/20 20:18:43] Fixture Examples/Fan.lxf: Strip may not specify a negative spacing
[LX 2025/10/20 20:18:43] Fixture Examples/Fan.lxf: Strip may not specify a negative spacing
[LX 2025/10/20 20:18:43] Fixture Examples/Fan.lxf: Strip may not specify a negative spacing
[LX 2025/10/20 20:18:43] Fixture Examples/Fan.lxf: Strip may not specify a negative spacing
[LX 2025/10/20 20:18:43] Fixture Examples/Fan.lxf: Strip may not specify a negative spacing
[LX 2025/10/20 20:18:43] Fixture Examples/Fan.lxf: Strip may not specify a negative spacing
[LX 2025/10/20 20:18:43] Fixture Examples/Fan.lxf: Strip may not specify a negative spacing
[LX 2025/10/20 20:18:43] Fixture Examples/Fan.lxf: Strip may not specify a negative spacing
[LX 2025/10/20 20:18:43] Fixture Examples/Fan.lxf: Strip may not specify a negative spacing
[LX 2025/10/20 20:18:43] Fixture Examples/Fan.lxf: Strip may not specify a negative spacing
[LX 2025/10/20 20:18:43] Fixture Examples/Fan.lxf: Strip may not specify a negative spacing
[LX 2025/10/20 20:18:43] Fixture Examples/Fan.lxf: Strip may not specify a negative spacing
[LX 2025/10/20 20:18:43] Fixture Examples/Fan.lxf: Strip may not specify a negative spacing
[LX 2025/10/20 20:18:43] Fixture Examples/Fan.lxf: Strip may not specify a negative spacing
[LX 2025/10/20 20:18:43] Fixture Examples/Fan.lxf: Strip may not specify a negative spacing
[LX 2025/10/20 20:18:43] Fixture Examples/Fan.lxf: Strip may not specify a negative spacing
[LX 2025/10/20 20:18:43] Fixture Examples/Fan.lxf: Strip may not specify a negative spacing
[LX 2025/10/20 20:18:43] Fixture Examples/Fan.lxf: Strip may not specify a negative spacing
[LX 2025/10/20 20:18:43] Fixture Examples/Fan.lxf: Strip may not specify a negative spacing
[LX 2025/10/20 20:18:43] Fixture Examples/Fan.lxf: Strip may not specify a negative spacing
[LX 2025/10/20 20:18:43] Fixture Examples/Fan.lxf: Strip may not specify a negative spacing
[LX 2025/10/20 20:18:43] Fixture Examples/Fan.lxf: Strip may not specify a negative spacing
[LX 2025/10/20 20:18:43] Fixture Examples/Fan.lxf: Strip may not specify a negative spacing
[LX 2025/10/20 20:18:43] Fixture Examples/Fan.lxf: Strip may not specify a negative spacing
[LX 2025/10/20 20:18:43] Fixture Examples/Fan.lxf: Strip may not specify a negative spacing
[LX 2025/10/20 20:18:43] Fixture Examples/Fan.lxf: Strip may not specify a negative spacing
[LX 2025/10/20 20:18:43] Fixture Examples/Fan.lxf: Strip may not specify a negative spacing
[LX 2025/10/20 20:18:43] Fixture Examples/Fan.lxf: Strip may not specify a negative spacing
[LX 2025/10/20 20:18:43] Fixture Examples/Fan.lxf: Strip may not specify a negative spacing
[LX 2025/10/20 20:18:43] Fixture Examples/Fan.lxf: Strip may not specify a negative spacing
[LX 2025/10/20 20:18:43] Fixture Examples/Fan.lxf: Strip may not specify a negative spacing
[LX 2025/10/20 20:18:43] Fixture Examples/Fan.lxf: Strip may not specify a negative spacing
[LX 2025/10/20 20:18:43] Fixture Examples/Fan.lxf: Strip may not specify a negative spacing
[LX 2025/10/20 20:18:43] Fixture Examples/Fan.lxf: Strip may not specify a negative spacing
[LX 2025/10/20 20:18:43] Fixture Examples/Fan.lxf: Strip may not specify a negative spacing
[LX 2025/10/20 20:18:43] Fixture Examples/Fan.lxf: Strip may not specify a negative spacing
[LX 2025/10/20 20:18:43] Fixture Examples/Fan.lxf: Strip may not specify a negative spacing
[LX 2025/10/20 20:18:43] Fixture Examples/Fan.lxf: Strip may not specify a negative spacing
[LX 2025/10/20 20:18:43] Fixture Examples/Fan.lxf: Strip may not specify a negative spacing
[LX 2025/10/20 20:18:43] Fixture Examples/Fan.lxf: Strip may not specify a negative spacing
[LX 2025/10/20 20:18:43] Fixture Examples/Fan.lxf: Strip may not specify a negative spacing
[LX 2025/10/20 20:18:43] Fixture Examples/Fan.lxf: Strip may not specify a negative spacing
[LX 2025/10/20 20:18:43] Fixture Examples/Fan.lxf: Strip may not specify a negative spacing
[LX 2025/10/20 20:18:43] Fixture Examples/Fan.lxf: Strip may not specify a negative spacing
[LX 2025/10/20 20:18:43] Fixture Examples/Fan.lxf: Strip may not specify a negative spacing
[LX 2025/10/20 20:18:43] Fixture Examples/Fan.lxf: Strip may not specify a negative spacing
[LX 2025/10/20 20:18:43] Fixture Examples/Fan.lxf: Strip may not specify a negative spacing
[LX 2025/10/20 20:18:43] Fixture Examples/Fan.lxf: Strip may not specify a negative spacing
[LX 2025/10/20 20:18:43] Fixture Examples/Fan.lxf: Strip may not specify a negative spacing
[LX 2025/10/20 20:18:43] Fixture Examples/Fan.lxf: Strip may not specify a negative spacing
[LX 2025/10/20 20:18:43] Fixture Examples/Fan.lxf: Strip may not specify a negative spacing
[LX 2025/10/20 20:18:43] Fixture Examples/Fan.lxf: Strip may not specify a negative spacing
[LX 2025/10/20 20:18:43] Fixture Examples/Fan.lxf: Strip may not specify a negative spacing
[LX 2025/10/20 20:18:43] Fixture Examples/Fan.lxf: Strip may not specify a negative spacing
[LX 2025/10/20 20:18:43] Fixture Examples/Fan.lxf: Strip may not specify a negative spacing
[LX 2025/10/20 20:18:43] Fixture Examples/Fan.lxf: Strip may not specify a negative spacing
[LX 2025/10/20 20:18:43] Fixture Examples/Fan.lxf: Strip may not specify a negative spacing
[LX 2025/10/20 20:18:43] Fixture Examples/Fan.lxf: Strip may not specify a negative spacing
[LX 2025/10/20 20:18:43] Fixture Examples/Fan.lxf: Strip may not specify a negative spacing
[LX 2025/10/20 20:18:43] Fixture Examples/Fan.lxf: Strip may not specify a negative spacing
[LX 2025/10/20 20:18:43] Fixture Examples/Fan.lxf: Strip may not specify a negative spacing
[LX 2025/10/20 20:18:43] Fixture Examples/Fan.lxf: Strip may not specify a negative spacing
[LX 2025/10/20 20:18:43] Fixture Examples/Fan.lxf: Strip may not specify a negative spacing
[LX 2025/10/20 20:18:43] Fixture Examples/Fan.lxf: Strip may not specify a negative spacing
[LX 2025/10/20 20:18:43] Fixture Examples/Fan.lxf: Strip may not specify a negative spacing
[LX 2025/10/20 20:18:43] Fixture Examples/Fan.lxf: Strip may not specify a negative spacing
[LX 2025/10/20 20:18:43] Fixture Examples/Fan.lxf: Strip may not specify a negative spacing
[LX 2025/10/20 20:18:43] Fixture Examples/Fan.lxf: Strip may not specify a negative spacing
[LX 2025/10/20 20:18:43] Fixture Examples/Fan.lxf: Strip may not specify a negative spacing
[LX 2025/10/20 20:18:43] Fixture Examples/Fan.lxf: Strip may not specify a negative spacing
[LX 2025/10/20 20:18:43] Fixture Examples/Fan.lxf: Strip may not specify a negative spacing
[LX 2025/10/20 20:18:43] Fixture Examples/Fan.lxf: Strip may not specify a negative spacing
[LX 2025/10/20 20:18:43] Fixture Examples/Fan.lxf: Strip may not specify a negative spacing
[LX 2025/10/20 20:18:43] Fixture Examples/Fan.lxf: Strip may not specify a negative spacing
[LX 2025/10/20 20:18:43] Fixture Examples/Fan.lxf: Strip may not specify a negative spacing
[LX 2025/10/20 20:18:43] Fixture Examples/Fan.lxf: Strip may not specify a negative spacing
[LX 2025/10/20 20:18:43] Fixture Examples/Fan.lxf: Strip may not specify a negative spacing
[LX 2025/10/20 20:18:43] Fixture Examples/Fan.lxf: Strip may not specify a negative spacing
[LX 2025/10/20 20:18:43] Fixture Examples/Fan.lxf: Strip may not specify a negative spacing
[LX 2025/10/20 20:18:43] Fixture Examples/Fan.lxf: Strip may not specify a negative spacing
[LX 2025/10/20 20:18:43] Fixture Examples/Fan.lxf: Strip may not specify a negative spacing
[LX 2025/10/20 20:18:43] Fixture Examples/Fan.lxf: Strip may not specify a negative spacing
[LX 2025/10/20 20:18:43] Fixture Examples/Fan.lxf: Strip may not specify a negative spacing
[LX 2025/10/20 20:18:43] Fixture Examples/Fan.lxf: Strip may not specify a negative spacing
[LX 2025/10/20 20:18:43] Fixture Examples/Fan.lxf: Strip may not specify a negative spacing
[LX 2025/10/20 20:18:43] Fixture Examples/Fan.lxf: Strip may not specify a negative spacing
[LX 2025/10/20 20:18:43] Fixture Examples/Fan.lxf: Strip may not specify a negative spacing
[LX 2025/10/20 20:18:43] Fixture Examples/Fan.lxf: Strip may not specify a negative spacing
[LX 2025/10/20 20:18:43] Fixture Examples/Fan.lxf: Strip may not specify a negative spacing
[LX 2025/10/20 20:18:43] Fixture Examples/Fan.lxf: Strip may not specify a negative spacing
[LX 2025/10/20 20:18:43] Fixture Examples/Fan.lxf: Strip may not specify a negative spacing
[LX 2025/10/20 20:18:43] Fixture Examples/Fan.lxf: Strip may not specify a negative spacing
[LX 2025/10/20 20:18:43] Fixture Examples/Fan.lxf: Strip may not specify a negative spacing
[LX 2025/10/20 20:18:43] Fixture Examples/Fan.lxf: Strip may not specify a negative spacing
[LX 2025/10/20 20:18:43] Fixture Examples/Fan.lxf: Strip may not specify a negative spacing
[LX 2025/10/20 20:18:43] Fixture Examples/Fan.lxf: Strip may not specify a negative spacing
[LX 2025/10/20 20:18:43] Fixture Examples/Fan.lxf: Strip may not specify a negative spacing
[LX 2025/10/20 20:18:43] Fixture Examples/Fan.lxf: Strip may not specify a negative spacing
[LX 2025/10/20 20:18:43] Fixture Examples/Fan.lxf: Strip may not specify a negative spacing
[LX 2025/10/20 20:18:43] Fixture Examples/Fan.lxf: Strip may not specify a negative spacing
[LX 2025/10/20 20:18:43] Fixture Examples/Fan.lxf: Strip may not specify a negative spacing
[LX 2025/10/20 20:18:43] Fixture Examples/Fan.lxf: Strip may not specify a negative spacing
[LX 2025/10/20 20:18:43] Fixture Examples/Fan.lxf: Strip may not specify a negative spacing
[LX 2025/10/20 20:18:43] Fixture Examples/Fan.lxf: Strip may not specify a negative spacing
[LX 2025/10/20 20:18:43] Fixture Examples/Fan.lxf: Strip may not specify a negative spacing
[LX 2025/10/20 20:18:43] Fixture Examples/Fan.lxf: Strip may not specify a negative spacing
[LX 2025/10/20 20:18:43] Fixture Examples/Fan.lxf: Strip may not specify a negative spacing
[LX 2025/10/20 20:18:43] Fixture Examples/Fan.lxf: Strip may not specify a negative spacing
[LX 2025/10/20 20:18:43] Fixture Examples/Fan.lxf: Strip may not specify a negative spacing
[LX 2025/10/20 20:18:43] Fixture Examples/Fan.lxf: Strip may not specify a negative spacing
[LX 2025/10/20 20:18:43] Fixture Examples/Fan.lxf: Strip may not specify a negative spacing
[LX 2025/10/20 20:18:43] Fixture Examples/Fan.lxf: Strip may not specify a negative spacing
[LX 2025/10/20 20:18:43] Fixture Examples/Fan.lxf: Strip may not specify a negative spacing
[LX 2025/10/20 20:18:43] Fixture Examples/Fan.lxf: Strip may not specify a negative spacing
[LX 2025/10/20 20:18:43] Fixture Examples/Fan.lxf: Strip may not specify a negative spacing
[LX 2025/10/20 20:18:43] Fixture Examples/Fan.lxf: Strip may not specify a negative spacing
[LX 2025/10/20 20:18:43] Fixture Examples/Fan.lxf: Strip may not specify a negative spacing
[LX 2025/10/20 20:18:43] Fixture Examples/Fan.lxf: Strip may not specify a negative spacing
[LX 2025/10/20 20:18:43] Fixture Examples/Fan.lxf: Strip may not specify a negative spacing
[LX 2025/10/20 20:18:43] Fixture Examples/Fan.lxf: Strip may not specify a negative spacing
[LX 2025/10/20 20:18:43] Fixture Examples/Fan.lxf: Strip may not specify a negative spacing
[LX 2025/10/20 20:18:43] Fixture Examples/Fan.lxf: Strip may not specify a negative spacing
[LX 2025/10/20 20:18:43] Fixture Examples/Fan.lxf: Strip may not specify a negative spacing
[LX 2025/10/20 20:18:43] Fixture Examples/Fan.lxf: Strip may not specify a negative spacing
[LX 2025/10/20 20:18:43] Fixture Examples/Fan.lxf: Strip may not specify a negative spacing
[LX 2025/10/20 20:18:43] Fixture Examples/Fan.lxf: Strip may not specify a negative spacing
[LX 2025/10/20 20:18:43] Fixture Examples/Fan.lxf: Strip may not specify a negative spacing
[LX 2025/10/20 20:18:43] Fixture Examples/Fan.lxf: Strip may not specify a negative spacing
[LX 2025/10/20 20:18:43] Fixture Examples/Fan.lxf: Strip may not specify a negative spacing
[LX 2025/10/20 20:18:43] Fixture Examples/Fan.lxf: Strip may not specify a negative spacing
[LX 2025/10/20 20:18:43] Fixture Examples/Fan.lxf: Strip may not specify a negative spacing
[LX 2025/10/20 20:18:43] Fixture Examples/Fan.lxf: Strip may not specify a negative spacing
[LX 2025/10/20 20:18:43] Fixture Examples/Fan.lxf: Strip may not specify a negative spacing
[LX 2025/10/20 20:18:43] Fixture Examples/Fan.lxf: Strip may not specify a negative spacing
[LX 2025/10/20 20:18:43] Fixture Examples/Fan.lxf: Strip may not specify a negative spacing
[LX 2025/10/20 20:18:43] Fixture Examples/Fan.lxf: Strip may not specify a negative spacing
[LX 2025/10/20 20:18:43] Fixture Examples/Fan.lxf: Strip may not specify a negative spacing
[LX 2025/10/20 20:18:43] Fixture Examples/Fan.lxf: Strip may not specify a negative spacing
[LX 2025/10/20 20:18:43] Fixture Examples/Fan.lxf: Strip may not specify a negative spacing
[LX 2025/10/20 20:18:43] Fixture Examples/Fan.lxf: Strip may not specify a negative spacing
[LX 2025/10/20 20:18:43] Fixture Examples/Fan.lxf: Strip may not specify a negative spacing
[LX 2025/10/20 20:18:43] Fixture Examples/Fan.lxf: Strip may not specify a negative spacing
[LX 2025/10/20 20:18:43] Fixture Examples/Fan.lxf: Strip may not specify a negative spacing
[LX 2025/10/20 20:18:43] Fixture Examples/Fan.lxf: Strip may not specify a negative spacing
[LX 2025/10/20 20:18:43] Fixture Examples/Fan.lxf: Strip may not specify a negative spacing
[LX 2025/10/20 20:18:43] Fixture Examples/Fan.lxf: Strip may not specify a negative spacing
[LX 2025/10/20 20:18:43] Fixture Examples/Fan.lxf: Strip may not specify a negative spacing
[LX 2025/10/20 20:18:43] Fixture Examples/Fan.lxf: Strip may not specify a negative spacing
[LX 2025/10/20 20:18:43] Fixture Examples/Fan.lxf: Strip may not specify a negative spacing
[LX 2025/10/20 20:18:43] Fixture Examples/Fan.lxf: Strip may not specify a negative spacing
[LX 2025/10/20 20:18:43] Fixture Examples/Fan.lxf: Strip may not specify a negative spacing
[LX 2025/10/20 20:18:43] Fixture Examples/Fan.lxf: Strip may not specify a negative spacing
[LX 2025/10/20 20:18:43] Fixture Examples/Fan.lxf: Strip may not specify a negative spacing
[LX 2025/10/20 20:18:43] Fixture Examples/Fan.lxf: Strip may not specify a negative spacing
[LX 2025/10/20 20:18:43] Fixture Examples/Fan.lxf: Strip may not specify a negative spacing
[LX 2025/10/20 20:18:43] Fixture Examples/Fan.lxf: Strip may not specify a negative spacing
[LX 2025/10/20 20:18:43] Fixture Examples/Fan.lxf: Strip may not specify a negative spacing
[LX 2025/10/20 20:18:43] Fixture Examples/Fan.lxf: Strip may not specify a negative spacing
[LX 2025/10/20 20:18:43] Fixture Examples/Fan.lxf: Strip may not specify a negative spacing
[LX 2025/10/20 20:18:43] Fixture Examples/Fan.lxf: Strip may not specify a negative spacing
[LX 2025/10/20 20:18:43] Fixture Examples/Fan.lxf: Strip may not specify a negative spacing
[LX 2025/10/20 20:18:43] Fixture Examples/Fan.lxf: Strip may not specify a negative spacing
[LX 2025/10/20 20:18:43] Fixture Examples/Fan.lxf: Strip may not specify a negative spacing
[LX 2025/10/20 20:18:43] Fixture Examples/Fan.lxf: Strip may not specify a negative spacing
[LX 2025/10/20 20:18:43] Fixture Examples/Fan.lxf: Strip may not specify a negative spacing
[LX 2025/10/20 20:18:43] Fixture Examples/Fan.lxf: Strip may not specify a negative spacing
[LX 2025/10/20 20:18:43] Fixture Examples/Fan.lxf: Strip may not specify a negative spacing
[LX 2025/10/20 20:18:43] Fixture Examples/Fan.lxf: Strip may not specify a negative spacing
[LX 2025/10/20 20:18:43] Fixture Examples/Fan.lxf: Strip may not specify a negative spacing
[LX 2025/10/20 20:18:43] Fixture Examples/Fan.lxf: Strip may not specify a negative spacing
[LX 2025/10/20 20:18:43] Fixture Examples/Fan.lxf: Strip may not specify a negative spacing
[LX 2025/10/20 20:18:43] Fixture Examples/Fan.lxf: Strip may not specify a negative spacing
[LX 2025/10/20 20:18:43] Fixture Examples/Fan.lxf: Strip may not specify a negative spacing
[LX 2025/10/20 20:18:43] Fixture Examples/Fan.lxf: Strip may not specify a negative spacing
[LX 2025/10/20 20:18:43] Fixture Examples/Fan.lxf: Strip may not specify a negative spacing
[LX 2025/10/20 20:18:43] Fixture Examples/Fan.lxf: Strip may not specify a negative spacing
[LX 2025/10/20 20:18:43] Fixture Examples/Fan.lxf: Strip may not specify a negative spacing
[LX 2025/10/20 20:18:43] Fixture Examples/Fan.lxf: Strip may not specify a negative spacing
[LX 2025/10/20 20:18:43] Fixture Examples/Fan.lxf: Strip may not specify a negative spacing
[LX 2025/10/20 20:18:43] Fixture Examples/Fan.lxf: Strip may not specify a negative spacing
[LX 2025/10/20 20:18:43] Fixture Examples/Fan.lxf: Strip may not specify a negative spacing
[LX 2025/10/20 20:18:43] Fixture Examples/Fan.lxf: Strip may not specify a negative spacing
[LX 2025/10/20 20:18:43] Fixture Examples/Fan.lxf: Strip may not specify a negative spacing
[LX 2025/10/20 20:18:43] Fixture Examples/Fan.lxf: Strip may not specify a negative spacing
[LX 2025/10/20 20:18:43] Fixture Examples/Fan.lxf: Strip may not specify a negative spacing
[LX 2025/10/20 20:18:43] Fixture Examples/Fan.lxf: Strip may not specify a negative spacing
[LX 2025/10/20 20:18:43] Fixture Examples/Fan.lxf: Strip may not specify a negative spacing
[LX 2025/10/20 20:18:43] Fixture Examples/Fan.lxf: Strip may not specify a negative spacing
[LX 2025/10/20 20:18:43] Fixture Examples/Fan.lxf: Strip may not specify a negative spacing
[LX 2025/10/20 20:18:43] Fixture Examples/Fan.lxf: Strip may not specify a negative spacing
[LX 2025/10/20 20:18:43] Fixture Examples/Fan.lxf: Strip may not specify a negative spacing
[LX 2025/10/20 20:18:43] Fixture Examples/Fan.lxf: Strip may not specify a negative spacing
[LX 2025/10/20 20:18:43] Fixture Examples/Fan.lxf: Strip may not specify a negative spacing
[LX 2025/10/20 20:18:43] Fixture Examples/Fan.lxf: Strip may not specify a negative spacing
[LX 2025/10/20 20:18:43] Fixture Examples/Fan.lxf: Strip may not specify a negative spacing
[LX 2025/10/20 20:18:43] Fixture Examples/Fan.lxf: Strip may not specify a negative spacing
[LX 2025/10/20 20:18:43] Fixture Examples/Fan.lxf: Strip may not specify a negative spacing
[LX 2025/10/20 20:18:43] Fixture Examples/Fan.lxf: Strip may not specify a negative spacing
[LX 2025/10/20 20:18:43] Fixture Examples/Fan.lxf: Strip may not specify a negative spacing
[LX 2025/10/20 20:18:43] Fixture Examples/Fan.lxf: Strip may not specify a negative spacing
[LX 2025/10/20 20:18:43] Fixture Examples/Fan.lxf: Strip may not specify a negative spacing
[LX 2025/10/20 20:18:43] Fixture Examples/Fan.lxf: Strip may not specify a negative spacing
[LX 2025/10/20 20:18:43] Fixture Examples/Fan.lxf: Strip may not specify a negative spacing
[LX 2025/10/20 20:18:43] Fixture Examples/Fan.lxf: Strip may not specify a negative spacing
[LX 2025/10/20 20:18:43] Fixture Examples/Fan.lxf: Strip may not specify a negative spacing
[LX 2025/10/20 20:18:43] Fixture Examples/Fan.lxf: Strip may not specify a negative spacing
[LX 2025/10/20 20:18:43] Fixture Examples/Fan.lxf: Strip may not specify a negative spacing
[LX 2025/10/20 20:18:43] Fixture Examples/Fan.lxf: Strip may not specify a negative spacing
[LX 2025/10/20 20:18:43] Fixture Examples/Fan.lxf: Strip may not specify a negative spacing
[LX 2025/10/20 20:18:43] Fixture Examples/Fan.lxf: Strip may not specify a negative spacing
[LX 2025/10/20 20:18:43] Fixture Examples/Fan.lxf: Strip may not specify a negative spacing
[LX 2025/10/20 20:18:43] Fixture Examples/Fan.lxf: Strip may not specify a negative spacing
[LX 2025/10/20 20:18:43] Fixture Examples/Fan.lxf: Strip may not specify a negative spacing
[LX 2025/10/20 20:18:43] Fixture Examples/Fan.lxf: Strip may not specify a negative spacing
[LX 2025/10/20 20:18:43] Fixture Examples/Fan.lxf: Strip may not specify a negative spacing
[LX 2025/10/20 20:18:43] Fixture Examples/Fan.lxf: Strip may not specify a negative spacing
[LX 2025/10/20 20:18:43] Fixture Examples/Fan.lxf: Strip may not specify a negative spacing
[LX 2025/10/20 20:18:43] Fixture Examples/Fan.lxf: Strip may not specify a negative spacing
[LX 2025/10/20 20:18:43] Fixture Examples/Fan.lxf: Strip may not specify a negative spacing
[LX 2025/10/20 20:18:43] Fixture Examples/Fan.lxf: Strip may not specify a negative spacing
[LX 2025/10/20 20:18:43] Fixture Examples/Fan.lxf: Strip may not specify a negative spacing
[LX 2025/10/20 20:18:43] Fixture Examples/Fan.lxf: Strip may not specify a negative spacing
[LX 2025/10/20 20:18:43] Fixture Examples/Fan.lxf: Strip may not specify a negative spacing
[LX 2025/10/20 20:18:43] Fixture Examples/Fan.lxf: Strip may not specify a negative spacing
[LX 2025/10/20 20:18:43] Fixture Examples/Fan.lxf: Strip may not specify a negative spacing
[LX 2025/10/20 20:18:43] Fixture Examples/Fan.lxf: Strip may not specify a negative spacing
[LX 2025/10/20 20:18:43] Fixture Examples/Fan.lxf: Strip may not specify a negative spacing
[LX 2025/10/20 20:18:43] Fixture Examples/Fan.lxf: Strip may not specify a negative spacing
[LX 2025/10/20 20:18:43] Fixture Examples/Fan.lxf: Strip may not specify a negative spacing
[LX 2025/10/20 20:18:43] Fixture Examples/Fan.lxf: Strip may not specify a negative spacing
[LX 2025/10/20 20:18:43] Fixture Examples/Fan.lxf: Strip may not specify a negative spacing
[LX 2025/10/20 20:18:43] Fixture Examples/Fan.lxf: Strip may not specify a negative spacing
[LX 2025/10/20 20:18:43] Fixture Examples/Fan.lxf: Strip may not specify a negative spacing
[LX 2025/10/20 20:18:43] Fixture Examples/Fan.lxf: Strip may not specify a negative spacing
[LX 2025/10/20 20:18:43] Fixture Examples/Fan.lxf: Strip may not specify a negative spacing
[LX 2025/10/20 20:18:43] Fixture Examples/Fan.lxf: Strip may not specify a negative spacing
[LX 2025/10/20 20:18:43] Fixture Examples/Fan.lxf: Strip may not specify a negative spacing
[LX 2025/10/20 20:18:43] Fixture Examples/Fan.lxf: Strip may not specify a negative spacing
[LX 2025/10/20 20:18:43] Fixture Examples/Fan.lxf: Strip may not specify a negative spacing
[LX 2025/10/20 20:18:43] Fixture Examples/Fan.lxf: Strip may not specify a negative spacing
[LX 2025/10/20 20:18:43] Fixture Examples/Fan.lxf: Strip may not specify a negative spacing
[LX 2025/10/20 20:18:43] Fixture Examples/Fan.lxf: Strip may not specify a negative spacing
[LX 2025/10/20 20:18:43] Fixture Examples/Fan.lxf: Strip may not specify a negative spacing
[LX 2025/10/20 20:18:43] Fixture Examples/Fan.lxf: Strip may not specify a negative spacing
[LX 2025/10/20 20:18:43] Fixture Examples/Fan.lxf: Strip may not specify a negative spacing
[LX 2025/10/20 20:18:43] Fixture Examples/Fan.lxf: Strip may not specify a negative spacing
[LX 2025/10/20 20:18:43] Fixture Examples/Fan.lxf: Strip may not specify a negative spacing
[LX 2025/10/20 20:18:43] Fixture Examples/Fan.lxf: Strip may not specify a negative spacing
[LX 2025/10/20 20:18:43] Fixture Examples/Fan.lxf: Strip may not specify a negative spacing
[LX 2025/10/20 20:18:43] Fixture Examples/Fan.lxf: Strip may not specify a negative spacing
[LX 2025/10/20 20:18:43] Fixture Examples/Fan.lxf: Strip may not specify a negative spacing
[LX 2025/10/20 20:18:43] Fixture Examples/Fan.lxf: Strip may not specify a negative spacing
[LX 2025/10/20 20:18:43] Fixture Examples/Fan.lxf: Strip may not specify a negative spacing
[LX 2025/10/20 20:18:43] Fixture Examples/Fan.lxf: Strip may not specify a negative spacing
[LX 2025/10/20 20:18:43] Fixture Examples/Fan.lxf: Strip may not specify a negative spacing
[LX 2025/10/20 20:18:43] Fixture Examples/Fan.lxf: Strip may not specify a negative spacing
[LX 2025/10/20 20:18:43] Fixture Examples/Fan.lxf: Strip may not specify a negative spacing
[LX 2025/10/20 20:18:43] Fixture Examples/Fan.lxf: Strip may not specify a negative spacing
[LX 2025/10/20 20:18:43] Fixture Examples/Fan.lxf: Strip may not specify a negative spacing
[LX 2025/10/20 20:18:43] Fixture Examples/Fan.lxf: Strip may not specify a negative spacing
[LX 2025/10/20 20:18:43] Fixture Examples/Fan.lxf: Strip may not specify a negative spacing
[LX 2025/10/20 20:18:43] Fixture Examples/Fan.lxf: Strip may not specify a negative spacing
[LX 2025/10/20 20:18:43] Fixture Examples/Fan.lxf: Strip may not specify a negative spacing
[LX 2025/10/20 20:18:43] Fixture Examples/Fan.lxf: Strip may not specify a negative spacing
[LX 2025/10/20 20:18:43] Fixture Examples/Fan.lxf: Strip may not specify a negative spacing
[LX 2025/10/20 20:18:43] Fixture Examples/Fan.lxf: Strip may not specify a negative spacing
[LX 2025/10/20 20:18:43] Fixture Examples/Fan.lxf: Strip may not specify a negative spacing
[LX 2025/10/20 20:18:43] Fixture Examples/Fan.lxf: Strip may not specify a negative spacing
[LX 2025/10/20 20:18:43] Fixture Examples/Fan.lxf: Strip may not specify a negative spacing
[LX 2025/10/20 20:18:43] Fixture Examples/Fan.lxf: Strip may not specify a negative spacing
[LX 2025/10/20 20:18:43] Fixture Examples/Fan.lxf: Strip may not specify a negative spacing
[LX 2025/10/20 20:18:43] Fixture Examples/Fan.lxf: Strip may not specify a negative spacing
[LX 2025/10/20 20:18:43] Fixture Examples/Fan.lxf: Strip may not specify a negative spacing
[LX 2025/10/20 20:18:43] Fixture Examples/Fan.lxf: Strip may not specify a negative spacing
[LX 2025/10/20 20:18:43] Fixture Examples/Fan.lxf: Strip may not specify a negative spacing
[LX 2025/10/20 20:18:43] Fixture Examples/Fan.lxf: Strip may not specify a negative spacing
[LX 2025/10/20 20:18:43] Fixture Examples/Fan.lxf: Strip may not specify a negative spacing
[LX 2025/10/20 20:18:43] Fixture Examples/Fan.lxf: Strip may not specify a negative spacing
[LX 2025/10/20 20:18:43] Fixture Examples/Fan.lxf: Strip may not specify a negative spacing
[LX 2025/10/20 20:18:43] Fixture Examples/Fan.lxf: Strip may not specify a negative spacing
[LX 2025/10/20 20:18:43] Fixture Examples/Fan.lxf: Strip may not specify a negative spacing
[LX 2025/10/20 20:18:43] Fixture Examples/Fan.lxf: Strip may not specify a negative spacing
[LX 2025/10/20 20:18:43] Fixture Examples/Fan.lxf: Strip may not specify a negative spacing
[LX 2025/10/20 20:18:43] Fixture Examples/Fan.lxf: Strip may not specify a negative spacing
[LX 2025/10/20 20:18:43] Fixture Examples/Fan.lxf: Strip may not specify a negative spacing
[LX 2025/10/20 20:18:43] Fixture Examples/Fan.lxf: Strip may not specify a negative spacing
[LX 2025/10/20 20:18:43] Fixture Examples/Fan.lxf: Strip may not specify a negative spacing
[LX 2025/10/20 20:18:43] Fixture Examples/Fan.lxf: Strip may not specify a negative spacing
[LX 2025/10/20 20:18:43] Fixture Examples/Fan.lxf: Strip may not specify a negative spacing
[LX 2025/10/20 20:18:43] Fixture Examples/Fan.lxf: Strip may not specify a negative spacing
[LX 2025/10/20 20:18:43] Fixture Examples/Fan.lxf: Strip may not specify a negative spacing
[LX 2025/10/20 20:18:43] Fixture Examples/Fan.lxf: Strip may not specify a negative spacing
[LX 2025/10/20 20:18:43] Fixture Examples/Fan.lxf: Strip may not specify a negative spacing
[LX 2025/10/20 20:18:43] Fixture Examples/Fan.lxf: Strip may not specify a negative spacing
[LX 2025/10/20 20:18:43] Fixture Examples/Fan.lxf: Strip may not specify a negative spacing
[LX 2025/10/20 20:18:43] Fixture Examples/Fan.lxf: Strip may not specify a negative spacing
[LX 2025/10/20 20:18:43] Fixture Examples/Fan.lxf: Strip may not specify a negative spacing
[LX 2025/10/20 20:18:43] Fixture Examples/Fan.lxf: Strip may not specify a negative spacing
[LX 2025/10/20 20:18:43] Fixture Examples/Fan.lxf: Strip may not specify a negative spacing
[LX 2025/10/20 20:18:43] Fixture Examples/Fan.lxf: Strip may not specify a negative spacing
[LX 2025/10/20 20:18:43] Fixture Examples/Fan.lxf: Strip may not specify a negative spacing
[LX 2025/10/20 20:18:43] Fixture Examples/Fan.lxf: Strip may not specify a negative spacing
[LX 2025/10/20 20:18:43] Fixture Examples/Fan.lxf: Strip may not specify a negative spacing
[LX 2025/10/20 20:18:43] Fixture Examples/Fan.lxf: Strip may not specify a negative spacing
[LX 2025/10/20 20:18:43] Fixture Examples/Fan.lxf: Strip may not specify a negative spacing
[LX 2025/10/20 20:18:43] Fixture Examples/Fan.lxf: Strip may not specify a negative spacing
[LX 2025/10/20 20:18:43] Fixture Examples/Fan.lxf: Strip may not specify a negative spacing
[LX 2025/10/20 20:18:43] Fixture Examples/Fan.lxf: Strip may not specify a negative spacing
[LX 2025/10/20 20:18:43] Fixture Examples/Fan.lxf: Strip may not specify a negative spacing
[LX 2025/10/20 20:18:43] Fixture Examples/Fan.lxf: Strip may not specify a negative spacing
[LX 2025/10/20 20:18:43] Fixture Examples/Fan.lxf: Strip may not specify a negative spacing
[LX 2025/10/20 20:18:43] Fixture Examples/Fan.lxf: Strip may not specify a negative spacing
[LX 2025/10/20 20:18:43] Fixture Examples/Fan.lxf: Strip may not specify a negative spacing
[LX 2025/10/20 20:18:43] Fixture Examples/Fan.lxf: Strip may not specify a negative spacing
[LX 2025/10/20 20:18:43] Fixture Examples/Fan.lxf: Strip may not specify a negative spacing
[LX 2025/10/20 20:18:43] Fixture Examples/Fan.lxf: Strip may not specify a negative spacing
[LX 2025/10/20 20:18:43] Fixture Examples/Fan.lxf: Strip may not specify a negative spacing
[LX 2025/10/20 20:18:43] Fixture Examples/Fan.lxf: Strip may not specify a negative spacing
[LX 2025/10/20 20:18:43] Fixture Examples/Fan.lxf: Strip may not specify a negative spacing
[LX 2025/10/20 20:18:43] Fixture Examples/Fan.lxf: Strip may not specify a negative spacing
[LX 2025/10/20 20:18:43] Fixture Examples/Fan.lxf: Strip may not specify a negative spacing
[LX 2025/10/20 20:18:43] Fixture Examples/Fan.lxf: Strip may not specify a negative spacing
[LX 2025/10/20 20:18:43] Fixture Examples/Fan.lxf: Strip may not specify a negative spacing
[LX 2025/10/20 20:18:43] Fixture Examples/Fan.lxf: Strip may not specify a negative spacing
[LX 2025/10/20 20:18:43] Fixture Examples/Fan.lxf: Strip may not specify a negative spacing
[LX 2025/10/20 20:18:43] Fixture Examples/Fan.lxf: Strip may not specify a negative spacing
[LX 2025/10/20 20:18:43] Fixture Examples/Fan.lxf: Strip may not specify a negative spacing
[LX 2025/10/20 20:18:43] Fixture Examples/Fan.lxf: Strip may not specify a negative spacing
[LX 2025/10/20 20:18:43] Fixture Examples/Fan.lxf: Strip may not specify a negative spacing
[LX 2025/10/20 20:18:43] Fixture Examples/Fan.lxf: Strip may not specify a negative spacing
[LX 2025/10/20 20:18:43] Fixture Examples/Fan.lxf: Strip may not specify a negative spacing
[LX 2025/10/20 20:18:43] Fixture Examples/Fan.lxf: Strip may not specify a negative spacing
[LX 2025/10/20 20:18:43] Fixture Examples/Fan.lxf: Strip may not specify a negative spacing
[LX 2025/10/20 20:18:43] Fixture Examples/Fan.lxf: Strip may not specify a negative spacing
[LX 2025/10/20 20:18:43] Fixture Examples/Fan.lxf: Strip may not specify a negative spacing
[LX 2025/10/20 20:18:43] Fixture Examples/Fan.lxf: Strip may not specify a negative spacing
[LX 2025/10/20 20:18:43] Fixture Examples/Fan.lxf: Strip may not specify a negative spacing
[LX 2025/10/20 20:18:43] Fixture Examples/Fan.lxf: Strip may not specify a negative spacing
[LX 2025/10/20 20:18:43] Fixture Examples/Fan.lxf: Strip may not specify a negative spacing
[LX 2025/10/20 20:18:43] Fixture Examples/Fan.lxf: Strip may not specify a negative spacing
[LX 2025/10/20 20:18:43] Fixture Examples/Fan.lxf: Strip may not specify a negative spacing
[LX 2025/10/20 20:18:43] Fixture Examples/Fan.lxf: Strip may not specify a negative spacing
[LX 2025/10/20 20:18:43] Fixture Examples/Fan.lxf: Strip may not specify a negative spacing
[LX 2025/10/20 20:18:43] Fixture Examples/Fan.lxf: Strip may not specify a negative spacing
[LX 2025/10/20 20:18:43] Fixture Examples/Fan.lxf: Strip may not specify a negative spacing
[LX 2025/10/20 20:18:43] Fixture Examples/Fan.lxf: Strip may not specify a negative spacing
[LX 2025/10/20 20:18:43] Fixture Examples/Fan.lxf: Strip may not specify a negative spacing
[LX 2025/10/20 20:18:43] Fixture Examples/Fan.lxf: Strip may not specify a negative spacing
[LX 2025/10/20 20:18:43] Fixture Examples/Fan.lxf: Strip may not specify a negative spacing
[LX 2025/10/20 20:18:43] Fixture Examples/Fan.lxf: Strip may not specify a negative spacing
[LX 2025/10/20 20:18:43] Fixture Examples/Fan.lxf: Strip may not specify a negative spacing
[LX 2025/10/20 20:18:43] Fixture Examples/Fan.lxf: Strip may not specify a negative spacing
[LX 2025/10/20 20:18:43] Fixture Examples/Fan.lxf: Strip may not specify a negative spacing
[LX 2025/10/20 20:18:43] Fixture Examples/Fan.lxf: Strip may not specify a negative spacing
[LX 2025/10/20 20:18:43] Fixture Examples/Fan.lxf: Strip may not specify a negative spacing
[LX 2025/10/20 20:18:43] Fixture Examples/Fan.lxf: Strip may not specify a negative spacing
[LX 2025/10/20 20:18:43] Fixture Examples/Fan.lxf: Strip may not specify a negative spacing
[LX 2025/10/20 20:18:43] Fixture Examples/Fan.lxf: Strip may not specify a negative spacing
[LX 2025/10/20 20:18:43] Fixture Examples/Fan.lxf: Strip may not specify a negative spacing
[LX 2025/10/20 20:18:43] Fixture Examples/Fan.lxf: Strip may not specify a negative spacing
[LX 2025/10/20 20:18:43] Fixture Examples/Fan.lxf: Strip may not specify a negative spacing
[LX 2025/10/20 20:18:43] Fixture Examples/Fan.lxf: Strip may not specify a negative spacing
[LX 2025/10/20 20:18:43] Fixture Examples/Fan.lxf: Strip may not specify a negative spacing
[LX 2025/10/20 20:18:43] Fixture Examples/Fan.lxf: Strip may not specify a negative spacing
[LX 2025/10/20 20:18:43] Fixture Examples/Fan.lxf: Strip may not specify a negative spacing
[LX 2025/10/20 20:18:43] Fixture Examples/Fan.lxf: Strip may not specify a negative spacing
[LX 2025/10/20 20:18:43] Fixture Examples/Fan.lxf: Strip may not specify a negative spacing
[LX 2025/10/20 20:18:43] Fixture Examples/Fan.lxf: Strip may not specify a negative spacing
[LX 2025/10/20 20:18:43] Fixture Examples/Fan.lxf: Strip may not specify a negative spacing
[LX 2025/10/20 20:18:43] Fixture Examples/Fan.lxf: Strip may not specify a negative spacing
[LX 2025/10/20 20:18:43] Fixture Examples/Fan.lxf: Strip may not specify a negative spacing
[LX 2025/10/20 20:18:43] Fixture Examples/Fan.lxf: Strip may not specify a negative spacing
[LX 2025/10/20 20:18:43] Fixture Examples/Fan.lxf: Strip may not specify a negative spacing
[LX 2025/10/20 20:18:43] Fixture Examples/Fan.lxf: Strip may not specify a negative spacing
[LX 2025/10/20 20:18:43] Fixture Examples/Fan.lxf: Strip may not specify a negative spacing
[LX 2025/10/20 20:18:43] Fixture Examples/Fan.lxf: Strip may not specify a negative spacing
[LX 2025/10/20 20:18:43] Fixture Examples/Fan.lxf: Strip may not specify a negative spacing
[LX 2025/10/20 20:18:43] Fixture Examples/Fan.lxf: Strip may not specify a negative spacing
[LX 2025/10/20 20:18:43] Fixture Examples/Fan.lxf: Strip may not specify a negative spacing
[LX 2025/10/20 20:18:43] Fixture Examples/Fan.lxf: Strip may not specify a negative spacing
[LX 2025/10/20 20:18:43] Fixture Examples/Fan.lxf: Strip may not specify a negative spacing
[LX 2025/10/20 20:18:43] Fixture Examples/Fan.lxf: Strip may not specify a negative spacing
[LX 2025/10/20 20:18:43] Fixture Examples/Fan.lxf: Strip may not specify a negative spacing
[LX 2025/10/20 20:18:43] Fixture Examples/Fan.lxf: Strip may not specify a negative spacing
[LX 2025/10/20 20:18:43] Fixture Examples/Fan.lxf: Strip may not specify a negative spacing
[LX 2025/10/20 20:18:43] Fixture Examples/Fan.lxf: Strip may not specify a negative spacing
[LX 2025/10/20 20:18:43] Fixture Examples/Fan.lxf: Strip may not specify a negative spacing
[LX 2025/10/20 20:18:43] Fixture Examples/Fan.lxf: Strip may not specify a negative spacing
[LX 2025/10/20 20:18:43] Fixture Examples/Fan.lxf: Strip may not specify a negative spacing
[LX 2025/10/20 20:18:43] Fixture Examples/Fan.lxf: Strip may not specify a negative spacing
[LX 2025/10/20 20:18:43] Fixture Examples/Fan.lxf: Strip may not specify a negative spacing
[LX 2025/10/20 20:18:43] Fixture Examples/Fan.lxf: Strip may not specify a negative spacing
[LX 2025/10/20 20:18:43] Fixture Examples/Fan.lxf: Strip may not specify a negative spacing
[LX 2025/10/20 20:18:43] Fixture Examples/Fan.lxf: Strip may not specify a negative spacing
[LX 2025/10/20 20:18:43] Fixture Examples/Fan.lxf: Strip may not specify a negative spacing
[LX 2025/10/20 20:18:43] Fixture Examples/Fan.lxf: Strip may not specify a negative spacing
[LX 2025/10/20 20:18:43] Fixture Examples/Fan.lxf: Strip may not specify a negative spacing
[LX 2025/10/20 20:18:43] Fixture Examples/Fan.lxf: Strip may not specify a negative spacing
[LX 2025/10/20 20:18:43] Fixture Examples/Fan.lxf: Strip may not specify a negative spacing
[LX 2025/10/20 20:18:43] Fixture Examples/Fan.lxf: Strip may not specify a negative spacing
[LX 2025/10/20 20:18:43] Fixture Examples/Fan.lxf: Strip may not specify a negative spacing
[LX 2025/10/20 20:18:43] Fixture Examples/Fan.lxf: Strip may not specify a negative spacing
[LX 2025/10/20 20:18:43] Fixture Examples/Fan.lxf: Strip may not specify a negative spacing
[LX 2025/10/20 20:18:43] Fixture Examples/Fan.lxf: Strip may not specify a negative spacing
[LX 2025/10/20 20:18:43] Fixture Examples/Fan.lxf: Strip may not specify a negative spacing
[LX 2025/10/20 20:18:43] Fixture Examples/Fan.lxf: Strip may not specify a negative spacing
[LX 2025/10/20 20:18:43] Fixture Examples/Fan.lxf: Strip may not specify a negative spacing
[LX 2025/10/20 20:18:43] Fixture Examples/Fan.lxf: Strip may not specify a negative spacing
[LX 2025/10/20 20:18:43] Fixture Examples/Fan.lxf: Strip may not specify a negative spacing
[LX 2025/10/20 20:18:43] Fixture Examples/Fan.lxf: Strip may not specify a negative spacing
[LX 2025/10/20 20:18:43] Fixture Examples/Fan.lxf: Strip may not specify a negative spacing
[LX 2025/10/20 20:18:43] Fixture Examples/Fan.lxf: Strip may not specify a negative spacing
[LX 2025/10/20 20:18:43] Fixture Examples/Fan.lxf: Strip may not specify a negative spacing
[LX 2025/10/20 20:18:43] Fixture Examples/Fan.lxf: Strip may not specify a negative spacing
[LX 2025/10/20 20:18:43] Fixture Examples/Fan.lxf: Strip may not specify a negative spacing
[LX 2025/10/20 20:18:43] Fixture Examples/Fan.lxf: Strip may not specify a negative spacing
[LX 2025/10/20 20:18:43] Fixture Examples/Fan.lxf: Strip may not specify a negative spacing
[LX 2025/10/20 20:18:43] Fixture Examples/Fan.lxf: Strip may not specify a negative spacing
[LX 2025/10/20 20:18:43] Fixture Examples/Fan.lxf: Strip may not specify a negative spacing
[LX 2025/10/20 20:18:43] Fixture Examples/Fan.lxf: Strip may not specify a negative spacing
[LX 2025/10/20 20:18:43] Fixture Examples/Fan.lxf: Strip may not specify a negative spacing
[LX 2025/10/20 20:18:43] Fixture Examples/Fan.lxf: Strip may not specify a negative spacing
[LX 2025/10/20 20:18:43] Fixture Examples/Fan.lxf: Strip may not specify a negative spacing
[LX 2025/10/20 20:18:43] Fixture Examples/Fan.lxf: Strip may not specify a negative spacing
[LX 2025/10/20 20:18:43] Fixture Examples/Fan.lxf: Strip may not specify a negative spacing
[LX 2025/10/20 20:18:43] Fixture Examples/Fan.lxf: Strip may not specify a negative spacing
[LX 2025/10/20 20:18:43] Fixture Examples/Fan.lxf: Strip may not specify a negative spacing
[LX 2025/10/20 20:18:43] Fixture Examples/Fan.lxf: Strip may not specify a negative spacing
[LX 2025/10/20 20:18:43] Fixture Examples/Fan.lxf: Strip may not specify a negative spacing
[LX 2025/10/20 20:18:43] Fixture Examples/Fan.lxf: Strip may not specify a negative spacing
[LX 2025/10/20 20:18:43] Fixture Examples/Fan.lxf: Strip may not specify a negative spacing
[LX 2025/10/20 20:18:43] Fixture Examples/Fan.lxf: Strip may not specify a negative spacing
[LX 2025/10/20 20:18:43] Fixture Examples/Fan.lxf: Strip may not specify a negative spacing
[LX 2025/10/20 20:18:43] Fixture Examples/Fan.lxf: Strip may not specify a negative spacing
[LX 2025/10/20 20:18:43] Fixture Examples/Fan.lxf: Strip may not specify a negative spacing
[LX 2025/10/20 20:18:43] Fixture Examples/Fan.lxf: Strip may not specify a negative spacing
[LX 2025/10/20 20:18:43] Fixture Examples/Fan.lxf: Strip may not specify a negative spacing
[LX 2025/10/20 20:18:43] Fixture Examples/Fan.lxf: Strip may not specify a negative spacing
[LX 2025/10/20 20:18:43] Fixture Examples/Fan.lxf: Strip may not specify a negative spacing
[LX 2025/10/20 20:18:43] Fixture Examples/Fan.lxf: Strip may not specify a negative spacing
[LX 2025/10/20 20:18:43] Fixture Examples/Fan.lxf: Strip may not specify a negative spacing
[LX 2025/10/20 20:18:43] Fixture Examples/Fan.lxf: Strip may not specify a negative spacing
[LX 2025/10/20 20:18:43] Fixture Examples/Fan.lxf: Strip may not specify a negative spacing
[LX 2025/10/20 20:18:43] Fixture Examples/Fan.lxf: Strip may not specify a negative spacing
[LX 2025/10/20 20:18:43] Fixture Examples/Fan.lxf: Strip may not specify a negative spacing
[LX 2025/10/20 20:18:43] Fixture Examples/Fan.lxf: Strip may not specify a negative spacing
[LX 2025/10/20 20:18:43] Fixture Examples/Fan.lxf: Strip may not specify a negative spacing
[LX 2025/10/20 20:18:43] Fixture Examples/Fan.lxf: Strip may not specify a negative spacing
[LX 2025/10/20 20:18:43] Fixture Examples/Fan.lxf: Strip may not specify a negative spacing
[LX 2025/10/20 20:18:43] Fixture Examples/Fan.lxf: Strip may not specify a negative spacing
[LX 2025/10/20 20:18:43] Fixture Examples/Fan.lxf: Strip may not specify a negative spacing
[LX 2025/10/20 20:18:43] Fixture Examples/Fan.lxf: Strip may not specify a negative spacing
[LX 2025/10/20 20:18:43] Fixture Examples/Fan.lxf: Strip may not specify a negative spacing
[LX 2025/10/20 20:18:43] Fixture Examples/Fan.lxf: Strip may not specify a negative spacing
[LX 2025/10/20 20:18:47] Fixture Examples/Fan.lxf: Strip may not specify a negative spacing
[LX 2025/10/20 20:18:47] Fixture Examples/Fan.lxf: Strip may not specify a negative spacing
[LX 2025/10/20 20:18:47] Fixture Examples/Fan.lxf: Strip may not specify a negative spacing
[LX 2025/10/20 20:18:47] Fixture Examples/Fan.lxf: Strip may not specify a negative spacing
[LX 2025/10/20 20:18:47] Fixture Examples/Fan.lxf: Strip may not specify a negative spacing
[LX 2025/10/20 20:18:47] Fixture Examples/Fan.lxf: Strip may not specify a negative spacing
[LX 2025/10/20 20:18:47] Fixture Examples/Fan.lxf: Strip may not specify a negative spacing
[LX 2025/10/20 20:18:47] Fixture Examples/Fan.lxf: Strip may not specify a negative spacing
[LX 2025/10/20 20:18:47] Fixture Examples/Fan.lxf: Strip may not specify a negative spacing
[LX 2025/10/20 20:18:47] Fixture Examples/Fan.lxf: Strip may not specify a negative spacing
[LX 2025/10/20 20:18:47] Fixture Examples/Fan.lxf: Strip may not specify a negative spacing
[LX 2025/10/20 20:18:47] Fixture Examples/Fan.lxf: Strip may not specify a negative spacing
[LX 2025/10/20 20:18:47] Fixture Examples/Fan.lxf: Strip may not specify a negative spacing
[LX 2025/10/20 20:18:47] Fixture Examples/Fan.lxf: Strip may not specify a negative spacing
[LX 2025/10/20 20:18:47] Fixture Examples/Fan.lxf: Strip may not specify a negative spacing
[LX 2025/10/20 20:18:47] Fixture Examples/Fan.lxf: Strip may not specify a negative spacing
[LX 2025/10/20 20:18:47] Fixture Examples/Fan.lxf: Strip may not specify a negative spacing
[LX 2025/10/20 20:18:47] Fixture Examples/Fan.lxf: Strip may not specify a negative spacing
[LX 2025/10/20 20:18:47] Fixture Examples/Fan.lxf: Strip may not specify a negative spacing
[LX 2025/10/20 20:18:47] Fixture Examples/Fan.lxf: Strip may not specify a negative spacing
[LX 2025/10/20 20:18:47] Fixture Examples/Fan.lxf: Strip may not specify a negative spacing
[LX 2025/10/20 20:18:47] Fixture Examples/Fan.lxf: Strip may not specify a negative spacing
[LX 2025/10/20 20:18:47] Fixture Examples/Fan.lxf: Strip may not specify a negative spacing
[LX 2025/10/20 20:18:47] Fixture Examples/Fan.lxf: Strip may not specify a negative spacing
[LX 2025/10/20 20:18:47] Fixture Examples/Fan.lxf: Strip may not specify a negative spacing
[LX 2025/10/20 20:18:47] Fixture Examples/Fan.lxf: Strip may not specify a negative spacing
[LX 2025/10/20 20:18:47] Fixture Examples/Fan.lxf: Strip may not specify a negative spacing
[LX 2025/10/20 20:18:47] Fixture Examples/Fan.lxf: Strip may not specify a negative spacing
[LX 2025/10/20 20:18:47] Fixture Examples/Fan.lxf: Strip may not specify a negative spacing
[LX 2025/10/20 20:18:47] Fixture Examples/Fan.lxf: Strip may not specify a negative spacing
[LX 2025/10/20 20:18:47] Fixture Examples/Fan.lxf: Strip may not specify a negative spacing
[LX 2025/10/20 20:18:47] Fixture Examples/Fan.lxf: Strip may not specify a negative spacing
[LX 2025/10/20 20:18:47] Fixture Examples/Fan.lxf: Strip may not specify a negative spacing
[LX 2025/10/20 20:18:47] Fixture Examples/Fan.lxf: Strip may not specify a negative spacing
[LX 2025/10/20 20:18:47] Fixture Examples/Fan.lxf: Strip may not specify a negative spacing
[LX 2025/10/20 20:18:47] Fixture Examples/Fan.lxf: Strip may not specify a negative spacing
[LX 2025/10/20 20:18:47] Fixture Examples/Fan.lxf: Strip may not specify a negative spacing
[LX 2025/10/20 20:18:47] Fixture Examples/Fan.lxf: Strip may not specify a negative spacing
[LX 2025/10/20 20:18:47] Fixture Examples/Fan.lxf: Strip may not specify a negative spacing
[LX 2025/10/20 20:18:47] Fixture Examples/Fan.lxf: Strip may not specify a negative spacing
[LX 2025/10/20 20:18:47] Fixture Examples/Fan.lxf: Strip may not specify a negative spacing
[LX 2025/10/20 20:18:47] Fixture Examples/Fan.lxf: Strip may not specify a negative spacing
[LX 2025/10/20 20:18:47] Fixture Examples/Fan.lxf: Strip may not specify a negative spacing
[LX 2025/10/20 20:18:47] Fixture Examples/Fan.lxf: Strip may not specify a negative spacing
[LX 2025/10/20 20:18:47] Fixture Examples/Fan.lxf: Strip may not specify a negative spacing
[LX 2025/10/20 20:18:47] Fixture Examples/Fan.lxf: Strip may not specify a negative spacing
[LX 2025/10/20 20:18:47] Fixture Examples/Fan.lxf: Strip may not specify a negative spacing
[LX 2025/10/20 20:18:47] Fixture Examples/Fan.lxf: Strip may not specify a negative spacing
[LX 2025/10/20 20:18:47] Fixture Examples/Fan.lxf: Strip may not specify a negative spacing
[LX 2025/10/20 20:18:47] Fixture Examples/Fan.lxf: Strip may not specify a negative spacing
[LX 2025/10/20 20:18:47] Fixture Examples/Fan.lxf: Strip may not specify a negative spacing
[LX 2025/10/20 20:18:47] Fixture Examples/Fan.lxf: Strip may not specify a negative spacing
[LX 2025/10/20 20:18:47] Fixture Examples/Fan.lxf: Strip may not specify a negative spacing
[LX 2025/10/20 20:18:47] Fixture Examples/Fan.lxf: Strip may not specify a negative spacing
[LX 2025/10/20 20:18:47] Fixture Examples/Fan.lxf: Strip may not specify a negative spacing
[LX 2025/10/20 20:18:47] Fixture Examples/Fan.lxf: Strip may not specify a negative spacing
[LX 2025/10/20 20:18:47] Fixture Examples/Fan.lxf: Strip may not specify a negative spacing
[LX 2025/10/20 20:18:47] Fixture Examples/Fan.lxf: Strip may not specify a negative spacing
[LX 2025/10/20 20:18:47] Fixture Examples/Fan.lxf: Strip may not specify a negative spacing
[LX 2025/10/20 20:18:47] Fixture Examples/Fan.lxf: Strip may not specify a negative spacing
[LX 2025/10/20 20:18:47] Fixture Examples/Fan.lxf: Strip may not specify a negative spacing
[LX 2025/10/20 20:18:47] Fixture Examples/Fan.lxf: Strip may not specify a negative spacing
[LX 2025/10/20 20:18:47] Fixture Examples/Fan.lxf: Strip may not specify a negative spacing
[LX 2025/10/20 20:18:47] Fixture Examples/Fan.lxf: Strip may not specify a negative spacing
[LX 2025/10/20 20:18:47] Fixture Examples/Fan.lxf: Strip may not specify a negative spacing
[LX 2025/10/20 20:18:47] Fixture Examples/Fan.lxf: Strip may not specify a negative spacing
[LX 2025/10/20 20:18:47] Fixture Examples/Fan.lxf: Strip may not specify a negative spacing
[LX 2025/10/20 20:18:47] Fixture Examples/Fan.lxf: Strip may not specify a negative spacing
[LX 2025/10/20 20:18:47] Fixture Examples/Fan.lxf: Strip may not specify a negative spacing
[LX 2025/10/20 20:18:47] Fixture Examples/Fan.lxf: Strip may not specify a negative spacing
[LX 2025/10/20 20:18:47] Fixture Examples/Fan.lxf: Strip may not specify a negative spacing
[LX 2025/10/20 20:18:47] Fixture Examples/Fan.lxf: Strip may not specify a negative spacing
[LX 2025/10/20 20:18:47] Fixture Examples/Fan.lxf: Strip may not specify a negative spacing
[LX 2025/10/20 20:18:47] Fixture Examples/Fan.lxf: Strip may not specify a negative spacing
[LX 2025/10/20 20:18:47] Fixture Examples/Fan.lxf: Strip may not specify a negative spacing
[LX 2025/10/20 20:18:47] Fixture Examples/Fan.lxf: Strip may not specify a negative spacing
[LX 2025/10/20 20:18:47] Fixture Examples/Fan.lxf: Strip may not specify a negative spacing
[LX 2025/10/20 20:18:47] Fixture Examples/Fan.lxf: Strip may not specify a negative spacing
[LX 2025/10/20 20:18:47] Fixture Examples/Fan.lxf: Strip may not specify a negative spacing
[LX 2025/10/20 20:18:47] Fixture Examples/Fan.lxf: Strip may not specify a negative spacing
[LX 2025/10/20 20:18:47] Fixture Examples/Fan.lxf: Strip may not specify a negative spacing
[LX 2025/10/20 20:18:47] Fixture Examples/Fan.lxf: Strip may not specify a negative spacing
[LX 2025/10/20 20:18:47] Fixture Examples/Fan.lxf: Strip may not specify a negative spacing
[LX 2025/10/20 20:18:47] Fixture Examples/Fan.lxf: Strip may not specify a negative spacing
[LX 2025/10/20 20:18:47] Fixture Examples/Fan.lxf: Strip may not specify a negative spacing
[LX 2025/10/20 20:18:47] Fixture Examples/Fan.lxf: Strip may not specify a negative spacing
[LX 2025/10/20 20:18:47] Fixture Examples/Fan.lxf: Strip may not specify a negative spacing
[LX 2025/10/20 20:18:47] Fixture Examples/Fan.lxf: Strip may not specify a negative spacing
[LX 2025/10/20 20:18:47] Fixture Examples/Fan.lxf: Strip may not specify a negative spacing
[LX 2025/10/20 20:18:47] Fixture Examples/Fan.lxf: Strip may not specify a negative spacing
[LX 2025/10/20 20:18:47] Fixture Examples/Fan.lxf: Strip may not specify a negative spacing
[LX 2025/10/20 20:18:47] Fixture Examples/Fan.lxf: Strip may not specify a negative spacing
[LX 2025/10/20 20:18:47] Fixture Examples/Fan.lxf: Strip may not specify a negative spacing
[LX 2025/10/20 20:18:47] Fixture Examples/Fan.lxf: Strip may not specify a negative spacing
[LX 2025/10/20 20:18:47] Fixture Examples/Fan.lxf: Strip may not specify a negative spacing
[LX 2025/10/20 20:18:47] Fixture Examples/Fan.lxf: Strip may not specify a negative spacing
[LX 2025/10/20 20:18:47] Fixture Examples/Fan.lxf: Strip may not specify a negative spacing
[LX 2025/10/20 20:18:47] Fixture Examples/Fan.lxf: Strip may not specify a negative spacing
[LX 2025/10/20 20:18:47] Fixture Examples/Fan.lxf: Strip may not specify a negative spacing
[LX 2025/10/20 20:18:47] Fixture Examples/Fan.lxf: Strip may not specify a negative spacing
[LX 2025/10/20 20:18:47] Fixture Examples/Fan.lxf: Strip may not specify a negative spacing
[LX 2025/10/20 20:18:47] Fixture Examples/Fan.lxf: Strip may not specify a negative spacing
[LX 2025/10/20 20:18:47] Fixture Examples/Fan.lxf: Strip may not specify a negative spacing
[LX 2025/10/20 20:18:47] Fixture Examples/Fan.lxf: Strip may not specify a negative spacing
[LX 2025/10/20 20:18:47] Fixture Examples/Fan.lxf: Strip may not specify a negative spacing
[LX 2025/10/20 20:18:47] Fixture Examples/Fan.lxf: Strip may not specify a negative spacing
[LX 2025/10/20 20:18:47] Fixture Examples/Fan.lxf: Strip may not specify a negative spacing
[LX 2025/10/20 20:18:47] Fixture Examples/Fan.lxf: Strip may not specify a negative spacing
[LX 2025/10/20 20:18:47] Fixture Examples/Fan.lxf: Strip may not specify a negative spacing
[LX 2025/10/20 20:18:47] Fixture Examples/Fan.lxf: Strip may not specify a negative spacing
[LX 2025/10/20 20:18:47] Fixture Examples/Fan.lxf: Strip may not specify a negative spacing
[LX 2025/10/20 20:18:47] Fixture Examples/Fan.lxf: Strip may not specify a negative spacing
[LX 2025/10/20 20:18:47] Fixture Examples/Fan.lxf: Strip may not specify a negative spacing
[LX 2025/10/20 20:18:47] Fixture Examples/Fan.lxf: Strip may not specify a negative spacing
[LX 2025/10/20 20:18:47] Fixture Examples/Fan.lxf: Strip may not specify a negative spacing
[LX 2025/10/20 20:18:47] Fixture Examples/Fan.lxf: Strip may not specify a negative spacing
[LX 2025/10/20 20:18:47] Fixture Examples/Fan.lxf: Strip may not specify a negative spacing
[LX 2025/10/20 20:18:47] Fixture Examples/Fan.lxf: Strip may not specify a negative spacing
[LX 2025/10/20 20:18:47] Fixture Examples/Fan.lxf: Strip may not specify a negative spacing
[LX 2025/10/20 20:18:47] Fixture Examples/Fan.lxf: Strip may not specify a negative spacing
[LX 2025/10/20 20:18:47] Fixture Examples/Fan.lxf: Strip may not specify a negative spacing
[LX 2025/10/20 20:18:47] Fixture Examples/Fan.lxf: Strip may not specify a negative spacing
[LX 2025/10/20 20:18:47] Fixture Examples/Fan.lxf: Strip may not specify a negative spacing
[LX 2025/10/20 20:18:47] Fixture Examples/Fan.lxf: Strip may not specify a negative spacing
[LX 2025/10/20 20:18:47] Fixture Examples/Fan.lxf: Strip may not specify a negative spacing
[LX 2025/10/20 20:18:47] Fixture Examples/Fan.lxf: Strip may not specify a negative spacing
[LX 2025/10/20 20:18:47] Fixture Examples/Fan.lxf: Strip may not specify a negative spacing
[LX 2025/10/20 20:18:47] Fixture Examples/Fan.lxf: Strip may not specify a negative spacing
[LX 2025/10/20 20:18:47] Fixture Examples/Fan.lxf: Strip may not specify a negative spacing
[LX 2025/10/20 20:18:47] Fixture Examples/Fan.lxf: Strip may not specify a negative spacing
[LX 2025/10/20 20:18:47] Fixture Examples/Fan.lxf: Strip may not specify a negative spacing
[LX 2025/10/20 20:18:47] Fixture Examples/Fan.lxf: Strip may not specify a negative spacing
[LX 2025/10/20 20:18:47] Fixture Examples/Fan.lxf: Strip may not specify a negative spacing
[LX 2025/10/20 20:18:47] Fixture Examples/Fan.lxf: Strip may not specify a negative spacing
[LX 2025/10/20 20:18:47] Fixture Examples/Fan.lxf: Strip may not specify a negative spacing
[LX 2025/10/20 20:18:47] Fixture Examples/Fan.lxf: Strip may not specify a negative spacing
[LX 2025/10/20 20:18:47] Fixture Examples/Fan.lxf: Strip may not specify a negative spacing
[LX 2025/10/20 20:18:47] Fixture Examples/Fan.lxf: Strip may not specify a negative spacing
[LX 2025/10/20 20:18:47] Fixture Examples/Fan.lxf: Strip may not specify a negative spacing
[LX 2025/10/20 20:18:47] Fixture Examples/Fan.lxf: Strip may not specify a negative spacing
[LX 2025/10/20 20:18:47] Fixture Examples/Fan.lxf: Strip may not specify a negative spacing
[LX 2025/10/20 20:18:47] Fixture Examples/Fan.lxf: Strip may not specify a negative spacing
[LX 2025/10/20 20:18:47] Fixture Examples/Fan.lxf: Strip may not specify a negative spacing
[LX 2025/10/20 20:18:47] Fixture Examples/Fan.lxf: Strip may not specify a negative spacing
[LX 2025/10/20 20:18:47] Fixture Examples/Fan.lxf: Strip may not specify a negative spacing
[LX 2025/10/20 20:18:47] Fixture Examples/Fan.lxf: Strip may not specify a negative spacing
[LX 2025/10/20 20:18:47] Fixture Examples/Fan.lxf: Strip may not specify a negative spacing
[LX 2025/10/20 20:18:47] Fixture Examples/Fan.lxf: Strip may not specify a negative spacing
[LX 2025/10/20 20:18:47] Fixture Examples/Fan.lxf: Strip may not specify a negative spacing
[LX 2025/10/20 20:18:47] Fixture Examples/Fan.lxf: Strip may not specify a negative spacing
[LX 2025/10/20 20:18:47] Fixture Examples/Fan.lxf: Strip may not specify a negative spacing
[LX 2025/10/20 20:18:47] Fixture Examples/Fan.lxf: Strip may not specify a negative spacing
[LX 2025/10/20 20:18:47] Fixture Examples/Fan.lxf: Strip may not specify a negative spacing
[LX 2025/10/20 20:18:47] Fixture Examples/Fan.lxf: Strip may not specify a negative spacing
[LX 2025/10/20 20:18:47] Fixture Examples/Fan.lxf: Strip may not specify a negative spacing
[LX 2025/10/20 20:18:47] Fixture Examples/Fan.lxf: Strip may not specify a negative spacing
[LX 2025/10/20 20:18:47] Fixture Examples/Fan.lxf: Strip may not specify a negative spacing
[LX 2025/10/20 20:18:47] Fixture Examples/Fan.lxf: Strip may not specify a negative spacing
[LX 2025/10/20 20:18:47] Fixture Examples/Fan.lxf: Strip may not specify a negative spacing
[LX 2025/10/20 20:18:47] Fixture Examples/Fan.lxf: Strip may not specify a negative spacing
[LX 2025/10/20 20:18:47] Fixture Examples/Fan.lxf: Strip may not specify a negative spacing
[LX 2025/10/20 20:18:47] Fixture Examples/Fan.lxf: Strip may not specify a negative spacing
[LX 2025/10/20 20:18:47] Fixture Examples/Fan.lxf: Strip may not specify a negative spacing
[LX 2025/10/20 20:18:47] Fixture Examples/Fan.lxf: Strip may not specify a negative spacing
[LX 2025/10/20 20:18:47] Fixture Examples/Fan.lxf: Strip may not specify a negative spacing
[LX 2025/10/20 20:18:47] Fixture Examples/Fan.lxf: Strip may not specify a negative spacing
[LX 2025/10/20 20:18:47] Fixture Examples/Fan.lxf: Strip may not specify a negative spacing
[LX 2025/10/20 20:18:47] Fixture Examples/Fan.lxf: Strip may not specify a negative spacing
[LX 2025/10/20 20:18:47] Fixture Examples/Fan.lxf: Strip may not specify a negative spacing
[LX 2025/10/20 20:18:47] Fixture Examples/Fan.lxf: Strip may not specify a negative spacing
[LX 2025/10/20 20:18:47] Fixture Examples/Fan.lxf: Strip may not specify a negative spacing
[LX 2025/10/20 20:18:47] Fixture Examples/Fan.lxf: Strip may not specify a negative spacing
[LX 2025/10/20 20:18:47] Fixture Examples/Fan.lxf: Strip may not specify a negative spacing
[LX 2025/10/20 20:18:47] Fixture Examples/Fan.lxf: Strip may not specify a negative spacing
[LX 2025/10/20 20:18:47] Fixture Examples/Fan.lxf: Strip may not specify a negative spacing
[LX 2025/10/20 20:18:47] Fixture Examples/Fan.lxf: Strip may not specify a negative spacing
[LX 2025/10/20 20:18:47] Fixture Examples/Fan.lxf: Strip may not specify a negative spacing
[LX 2025/10/20 20:18:47] Fixture Examples/Fan.lxf: Strip may not specify a negative spacing
[LX 2025/10/20 20:18:47] Fixture Examples/Fan.lxf: Strip may not specify a negative spacing
[LX 2025/10/20 20:18:47] Fixture Examples/Fan.lxf: Strip may not specify a negative spacing
[LX 2025/10/20 20:18:47] Fixture Examples/Fan.lxf: Strip may not specify a negative spacing
[LX 2025/10/20 20:18:47] Fixture Examples/Fan.lxf: Strip may not specify a negative spacing
[LX 2025/10/20 20:18:47] Fixture Examples/Fan.lxf: Strip may not specify a negative spacing
[LX 2025/10/20 20:18:47] Fixture Examples/Fan.lxf: Strip may not specify a negative spacing
[LX 2025/10/20 20:18:47] Fixture Examples/Fan.lxf: Strip may not specify a negative spacing
[LX 2025/10/20 20:18:47] Fixture Examples/Fan.lxf: Strip may not specify a negative spacing
[LX 2025/10/20 20:18:47] Fixture Examples/Fan.lxf: Strip may not specify a negative spacing
[LX 2025/10/20 20:18:47] Fixture Examples/Fan.lxf: Strip may not specify a negative spacing
[LX 2025/10/20 20:18:47] Fixture Examples/Fan.lxf: Strip may not specify a negative spacing
[LX 2025/10/20 20:18:47] Fixture Examples/Fan.lxf: Strip may not specify a negative spacing
[LX 2025/10/20 20:18:47] Fixture Examples/Fan.lxf: Strip may not specify a negative spacing
[LX 2025/10/20 20:18:47] Fixture Examples/Fan.lxf: Strip may not specify a negative spacing
[LX 2025/10/20 20:18:47] Fixture Examples/Fan.lxf: Strip may not specify a negative spacing
[LX 2025/10/20 20:18:47] Fixture Examples/Fan.lxf: Strip may not specify a negative spacing
[LX 2025/10/20 20:18:47] Fixture Examples/Fan.lxf: Strip may not specify a negative spacing
[LX 2025/10/20 20:18:47] Fixture Examples/Fan.lxf: Strip may not specify a negative spacing
[LX 2025/10/20 20:18:47] Fixture Examples/Fan.lxf: Strip may not specify a negative spacing
[LX 2025/10/20 20:18:47] Fixture Examples/Fan.lxf: Strip may not specify a negative spacing
[LX 2025/10/20 20:18:47] Fixture Examples/Fan.lxf: Strip may not specify a negative spacing
[LX 2025/10/20 20:18:47] Fixture Examples/Fan.lxf: Strip may not specify a negative spacing
[LX 2025/10/20 20:18:47] Fixture Examples/Fan.lxf: Strip may not specify a negative spacing
[LX 2025/10/20 20:18:47] Fixture Examples/Fan.lxf: Strip may not specify a negative spacing
[LX 2025/10/20 20:18:47] Fixture Examples/Fan.lxf: Strip may not specify a negative spacing
[LX 2025/10/20 20:18:47] Fixture Examples/Fan.lxf: Strip may not specify a negative spacing
[LX 2025/10/20 20:18:47] Fixture Examples/Fan.lxf: Strip may not specify a negative spacing
[LX 2025/10/20 20:18:47] Fixture Examples/Fan.lxf: Strip may not specify a negative spacing
[LX 2025/10/20 20:18:47] Fixture Examples/Fan.lxf: Strip may not specify a negative spacing
[LX 2025/10/20 20:18:47] Fixture Examples/Fan.lxf: Strip may not specify a negative spacing
[LX 2025/10/20 20:18:47] Fixture Examples/Fan.lxf: Strip may not specify a negative spacing
[LX 2025/10/20 20:18:47] Fixture Examples/Fan.lxf: Strip may not specify a negative spacing
[LX 2025/10/20 20:18:47] Fixture Examples/Fan.lxf: Strip may not specify a negative spacing
[LX 2025/10/20 20:18:47] Fixture Examples/Fan.lxf: Strip may not specify a negative spacing
[LX 2025/10/20 20:18:47] Fixture Examples/Fan.lxf: Strip may not specify a negative spacing
[LX 2025/10/20 20:18:47] Fixture Examples/Fan.lxf: Strip may not specify a negative spacing
[LX 2025/10/20 20:18:47] Fixture Examples/Fan.lxf: Strip may not specify a negative spacing
[LX 2025/10/20 20:18:47] Fixture Examples/Fan.lxf: Strip may not specify a negative spacing
[LX 2025/10/20 20:18:47] Fixture Examples/Fan.lxf: Strip may not specify a negative spacing
[LX 2025/10/20 20:18:47] Fixture Examples/Fan.lxf: Strip may not specify a negative spacing
[LX 2025/10/20 20:18:47] Fixture Examples/Fan.lxf: Strip may not specify a negative spacing
[LX 2025/10/20 20:18:47] Fixture Examples/Fan.lxf: Strip may not specify a negative spacing
[LX 2025/10/20 20:18:47] Fixture Examples/Fan.lxf: Strip may not specify a negative spacing
[LX 2025/10/20 20:18:47] Fixture Examples/Fan.lxf: Strip may not specify a negative spacing
[LX 2025/10/20 20:18:47] Fixture Examples/Fan.lxf: Strip may not specify a negative spacing
[LX 2025/10/20 20:18:47] Fixture Examples/Fan.lxf: Strip may not specify a negative spacing
[LX 2025/10/20 20:18:47] Fixture Examples/Fan.lxf: Strip may not specify a negative spacing
[LX 2025/10/20 20:18:47] Fixture Examples/Fan.lxf: Strip may not specify a negative spacing
[LX 2025/10/20 20:18:47] Fixture Examples/Fan.lxf: Strip may not specify a negative spacing
[LX 2025/10/20 20:18:47] Fixture Examples/Fan.lxf: Strip may not specify a negative spacing
[LX 2025/10/20 20:18:47] Fixture Examples/Fan.lxf: Strip may not specify a negative spacing
[LX 2025/10/20 20:18:47] Fixture Examples/Fan.lxf: Strip may not specify a negative spacing
[LX 2025/10/20 20:18:47] Fixture Examples/Fan.lxf: Strip may not specify a negative spacing
[LX 2025/10/20 20:18:47] Fixture Examples/Fan.lxf: Strip may not specify a negative spacing
[LX 2025/10/20 20:18:47] Fixture Examples/Fan.lxf: Strip may not specify a negative spacing
[LX 2025/10/20 20:18:47] Fixture Examples/Fan.lxf: Strip may not specify a negative spacing
[LX 2025/10/20 20:18:47] Fixture Examples/Fan.lxf: Strip may not specify a negative spacing
[LX 2025/10/20 20:18:47] Fixture Examples/Fan.lxf: Strip may not specify a negative spacing
[LX 2025/10/20 20:18:47] Fixture Examples/Fan.lxf: Strip may not specify a negative spacing
[LX 2025/10/20 20:18:47] Fixture Examples/Fan.lxf: Strip may not specify a negative spacing
[LX 2025/10/20 20:18:47] Fixture Examples/Fan.lxf: Strip may not specify a negative spacing
[LX 2025/10/20 20:18:47] Fixture Examples/Fan.lxf: Strip may not specify a negative spacing
[LX 2025/10/20 20:18:47] Fixture Examples/Fan.lxf: Strip may not specify a negative spacing
[LX 2025/10/20 20:18:47] Fixture Examples/Fan.lxf: Strip may not specify a negative spacing
[LX 2025/10/20 20:18:47] Fixture Examples/Fan.lxf: Strip may not specify a negative spacing
[LX 2025/10/20 20:18:47] Fixture Examples/Fan.lxf: Strip may not specify a negative spacing
[LX 2025/10/20 20:18:47] Fixture Examples/Fan.lxf: Strip may not specify a negative spacing
[LX 2025/10/20 20:18:47] Fixture Examples/Fan.lxf: Strip may not specify a negative spacing
[LX 2025/10/20 20:18:47] Fixture Examples/Fan.lxf: Strip may not specify a negative spacing
[LX 2025/10/20 20:18:47] Fixture Examples/Fan.lxf: Strip may not specify a negative spacing
[LX 2025/10/20 20:18:47] Fixture Examples/Fan.lxf: Strip may not specify a negative spacing
[LX 2025/10/20 20:18:47] Fixture Examples/Fan.lxf: Strip may not specify a negative spacing
[LX 2025/10/20 20:18:47] Fixture Examples/Fan.lxf: Strip may not specify a negative spacing
[LX 2025/10/20 20:18:47] Fixture Examples/Fan.lxf: Strip may not specify a negative spacing
[LX 2025/10/20 20:18:47] Fixture Examples/Fan.lxf: Strip may not specify a negative spacing
[LX 2025/10/20 20:18:47] Fixture Examples/Fan.lxf: Strip may not specify a negative spacing
[LX 2025/10/20 20:18:47] Fixture Examples/Fan.lxf: Strip may not specify a negative spacing
[LX 2025/10/20 20:18:47] Fixture Examples/Fan.lxf: Strip may not specify a negative spacing
[LX 2025/10/20 20:18:47] Fixture Examples/Fan.lxf: Strip may not specify a negative spacing
[LX 2025/10/20 20:18:47] Fixture Examples/Fan.lxf: Strip may not specify a negative spacing
[LX 2025/10/20 20:18:47] Fixture Examples/Fan.lxf: Strip may not specify a negative spacing
[LX 2025/10/20 20:18:47] Fixture Examples/Fan.lxf: Strip may not specify a negative spacing
[LX 2025/10/20 20:18:47] Fixture Examples/Fan.lxf: Strip may not specify a negative spacing
[LX 2025/10/20 20:18:47] Fixture Examples/Fan.lxf: Strip may not specify a negative spacing
[LX 2025/10/20 20:18:47] Fixture Examples/Fan.lxf: Strip may not specify a negative spacing
[LX 2025/10/20 20:18:47] Fixture Examples/Fan.lxf: Strip may not specify a negative spacing
[LX 2025/10/20 20:18:47] Fixture Examples/Fan.lxf: Strip may not specify a negative spacing
[LX 2025/10/20 20:18:47] Fixture Examples/Fan.lxf: Strip may not specify a negative spacing
[LX 2025/10/20 20:18:47] Fixture Examples/Fan.lxf: Strip may not specify a negative spacing
[LX 2025/10/20 20:18:47] Fixture Examples/Fan.lxf: Strip may not specify a negative spacing
[LX 2025/10/20 20:18:47] Fixture Examples/Fan.lxf: Strip may not specify a negative spacing
[LX 2025/10/20 20:18:47] Fixture Examples/Fan.lxf: Strip may not specify a negative spacing
[LX 2025/10/20 20:18:47] Fixture Examples/Fan.lxf: Strip may not specify a negative spacing
[LX 2025/10/20 20:18:47] Fixture Examples/Fan.lxf: Strip may not specify a negative spacing
[LX 2025/10/20 20:18:47] Fixture Examples/Fan.lxf: Strip may not specify a negative spacing
[LX 2025/10/20 20:18:47] Fixture Examples/Fan.lxf: Strip may not specify a negative spacing
[LX 2025/10/20 20:18:47] Fixture Examples/Fan.lxf: Strip may not specify a negative spacing
[LX 2025/10/20 20:18:47] Fixture Examples/Fan.lxf: Strip may not specify a negative spacing
[LX 2025/10/20 20:18:47] Fixture Examples/Fan.lxf: Strip may not specify a negative spacing
[LX 2025/10/20 20:18:47] Fixture Examples/Fan.lxf: Strip may not specify a negative spacing
[LX 2025/10/20 20:18:47] Fixture Examples/Fan.lxf: Strip may not specify a negative spacing
[LX 2025/10/20 20:18:47] Fixture Examples/Fan.lxf: Strip may not specify a negative spacing
[LX 2025/10/20 20:18:47] Fixture Examples/Fan.lxf: Strip may not specify a negative spacing
[LX 2025/10/20 20:18:47] Fixture Examples/Fan.lxf: Strip may not specify a negative spacing
[LX 2025/10/20 20:18:47] Fixture Examples/Fan.lxf: Strip may not specify a negative spacing
[LX 2025/10/20 20:18:47] Fixture Examples/Fan.lxf: Strip may not specify a negative spacing
[LX 2025/10/20 20:18:47] Fixture Examples/Fan.lxf: Strip may not specify a negative spacing
[LX 2025/10/20 20:18:47] Fixture Examples/Fan.lxf: Strip may not specify a negative spacing
[LX 2025/10/20 20:18:47] Fixture Examples/Fan.lxf: Strip may not specify a negative spacing
[LX 2025/10/20 20:18:47] Fixture Examples/Fan.lxf: Strip may not specify a negative spacing
[LX 2025/10/20 20:18:47] Fixture Examples/Fan.lxf: Strip may not specify a negative spacing
[LX 2025/10/20 20:18:47] Fixture Examples/Fan.lxf: Strip may not specify a negative spacing
[LX 2025/10/20 20:18:47] Fixture Examples/Fan.lxf: Strip may not specify a negative spacing
[LX 2025/10/20 20:18:47] Fixture Examples/Fan.lxf: Strip may not specify a negative spacing
[LX 2025/10/20 20:18:47] Fixture Examples/Fan.lxf: Strip may not specify a negative spacing
[LX 2025/10/20 20:18:47] Fixture Examples/Fan.lxf: Strip may not specify a negative spacing
[LX 2025/10/20 20:18:47] Fixture Examples/Fan.lxf: Strip may not specify a negative spacing
[LX 2025/10/20 20:18:47] Fixture Examples/Fan.lxf: Strip may not specify a negative spacing
[LX 2025/10/20 20:18:47] Fixture Examples/Fan.lxf: Strip may not specify a negative spacing
[LX 2025/10/20 20:18:47] Fixture Examples/Fan.lxf: Strip may not specify a negative spacing
[LX 2025/10/20 20:18:47] Fixture Examples/Fan.lxf: Strip may not specify a negative spacing
[LX 2025/10/20 20:18:47] Fixture Examples/Fan.lxf: Strip may not specify a negative spacing
[LX 2025/10/20 20:18:47] Fixture Examples/Fan.lxf: Strip may not specify a negative spacing
[LX 2025/10/20 20:18:47] Fixture Examples/Fan.lxf: Strip may not specify a negative spacing
[LX 2025/10/20 20:18:47] Fixture Examples/Fan.lxf: Strip may not specify a negative spacing
[LX 2025/10/20 20:18:47] Fixture Examples/Fan.lxf: Strip may not specify a negative spacing
[LX 2025/10/20 20:18:47] Fixture Examples/Fan.lxf: Strip may not specify a negative spacing
[LX 2025/10/20 20:18:47] Fixture Examples/Fan.lxf: Strip may not specify a negative spacing
[LX 2025/10/20 20:18:47] Fixture Examples/Fan.lxf: Strip may not specify a negative spacing
[LX 2025/10/20 20:18:47] Fixture Examples/Fan.lxf: Strip may not specify a negative spacing
[LX 2025/10/20 20:18:47] Fixture Examples/Fan.lxf: Strip may not specify a negative spacing
[LX 2025/10/20 20:18:47] Fixture Examples/Fan.lxf: Strip may not specify a negative spacing
[LX 2025/10/20 20:18:47] Fixture Examples/Fan.lxf: Strip may not specify a negative spacing
[LX 2025/10/20 20:18:47] Fixture Examples/Fan.lxf: Strip may not specify a negative spacing
[LX 2025/10/20 20:18:47] Fixture Examples/Fan.lxf: Strip may not specify a negative spacing
[LX 2025/10/20 20:18:47] Fixture Examples/Fan.lxf: Strip may not specify a negative spacing
[LX 2025/10/20 20:18:47] Fixture Examples/Fan.lxf: Strip may not specify a negative spacing
[LX 2025/10/20 20:18:47] Fixture Examples/Fan.lxf: Strip may not specify a negative spacing
[LX 2025/10/20 20:18:47] Fixture Examples/Fan.lxf: Strip may not specify a negative spacing
[LX 2025/10/20 20:18:47] Fixture Examples/Fan.lxf: Strip may not specify a negative spacing
[LX 2025/10/20 20:18:47] Fixture Examples/Fan.lxf: Strip may not specify a negative spacing
[LX 2025/10/20 20:18:47] Fixture Examples/Fan.lxf: Strip may not specify a negative spacing
[LX 2025/10/20 20:18:47] Fixture Examples/Fan.lxf: Strip may not specify a negative spacing
[LX 2025/10/20 20:18:47] Fixture Examples/Fan.lxf: Strip may not specify a negative spacing
[LX 2025/10/20 20:18:47] Fixture Examples/Fan.lxf: Strip may not specify a negative spacing
[LX 2025/10/20 20:18:47] Fixture Examples/Fan.lxf: Strip may not specify a negative spacing
[LX 2025/10/20 20:18:47] Fixture Examples/Fan.lxf: Strip may not specify a negative spacing
[LX 2025/10/20 20:18:47] Fixture Examples/Fan.lxf: Strip may not specify a negative spacing
[LX 2025/10/20 20:18:47] Fixture Examples/Fan.lxf: Strip may not specify a negative spacing
[LX 2025/10/20 20:18:47] Fixture Examples/Fan.lxf: Strip may not specify a negative spacing
[LX 2025/10/20 20:18:47] Fixture Examples/Fan.lxf: Strip may not specify a negative spacing
[LX 2025/10/20 20:18:47] Fixture Examples/Fan.lxf: Strip may not specify a negative spacing
[LX 2025/10/20 20:18:47] Fixture Examples/Fan.lxf: Strip may not specify a negative spacing
[LX 2025/10/20 20:18:47] Fixture Examples/Fan.lxf: Strip may not specify a negative spacing
[LX 2025/10/20 20:18:47] Fixture Examples/Fan.lxf: Strip may not specify a negative spacing
[LX 2025/10/20 20:18:47] Fixture Examples/Fan.lxf: Strip may not specify a negative spacing
[LX 2025/10/20 20:18:47] Fixture Examples/Fan.lxf: Strip may not specify a negative spacing
[LX 2025/10/20 20:18:47] Fixture Examples/Fan.lxf: Strip may not specify a negative spacing
[LX 2025/10/20 20:18:47] Fixture Examples/Fan.lxf: Strip may not specify a negative spacing
[LX 2025/10/20 20:18:47] Fixture Examples/Fan.lxf: Strip may not specify a negative spacing
[LX 2025/10/20 20:18:47] Fixture Examples/Fan.lxf: Strip may not specify a negative spacing
[LX 2025/10/20 20:18:47] Fixture Examples/Fan.lxf: Strip may not specify a negative spacing
[LX 2025/10/20 20:18:47] Fixture Examples/Fan.lxf: Strip may not specify a negative spacing
[LX 2025/10/20 20:18:47] Fixture Examples/Fan.lxf: Strip may not specify a negative spacing
[LX 2025/10/20 20:18:47] Fixture Examples/Fan.lxf: Strip may not specify a negative spacing
[LX 2025/10/20 20:18:47] Fixture Examples/Fan.lxf: Strip may not specify a negative spacing
[LX 2025/10/20 20:18:47] Fixture Examples/Fan.lxf: Strip may not specify a negative spacing
[LX 2025/10/20 20:18:47] Fixture Examples/Fan.lxf: Strip may not specify a negative spacing
[LX 2025/10/20 20:18:47] Fixture Examples/Fan.lxf: Strip may not specify a negative spacing
[LX 2025/10/20 20:18:47] Fixture Examples/Fan.lxf: Strip may not specify a negative spacing
[LX 2025/10/20 20:18:47] Fixture Examples/Fan.lxf: Strip may not specify a negative spacing
[LX 2025/10/20 20:18:47] Fixture Examples/Fan.lxf: Strip may not specify a negative spacing
[LX 2025/10/20 20:18:47] Fixture Examples/Fan.lxf: Strip may not specify a negative spacing
[LX 2025/10/20 20:18:47] Fixture Examples/Fan.lxf: Strip may not specify a negative spacing
[LX 2025/10/20 20:18:47] Fixture Examples/Fan.lxf: Strip may not specify a negative spacing
[LX 2025/10/20 20:18:47] Fixture Examples/Fan.lxf: Strip may not specify a negative spacing
[LX 2025/10/20 20:18:47] Fixture Examples/Fan.lxf: Strip may not specify a negative spacing
[LX 2025/10/20 20:18:47] Fixture Examples/Fan.lxf: Strip may not specify a negative spacing
[LX 2025/10/20 20:18:47] Fixture Examples/Fan.lxf: Strip may not specify a negative spacing
[LX 2025/10/20 20:18:47] Fixture Examples/Fan.lxf: Strip may not specify a negative spacing
[LX 2025/10/20 20:18:47] Fixture Examples/Fan.lxf: Strip may not specify a negative spacing
[LX 2025/10/20 20:18:47] Fixture Examples/Fan.lxf: Strip may not specify a negative spacing
[LX 2025/10/20 20:18:47] Fixture Examples/Fan.lxf: Strip may not specify a negative spacing
[LX 2025/10/20 20:18:47] Fixture Examples/Fan.lxf: Strip may not specify a negative spacing
[LX 2025/10/20 20:18:47] Fixture Examples/Fan.lxf: Strip may not specify a negative spacing
[LX 2025/10/20 20:18:47] Fixture Examples/Fan.lxf: Strip may not specify a negative spacing
[LX 2025/10/20 20:18:47] Fixture Examples/Fan.lxf: Strip may not specify a negative spacing
[LX 2025/10/20 20:18:47] Fixture Examples/Fan.lxf: Strip may not specify a negative spacing
[LX 2025/10/20 20:18:47] Fixture Examples/Fan.lxf: Strip may not specify a negative spacing
[LX 2025/10/20 20:18:47] Fixture Examples/Fan.lxf: Strip may not specify a negative spacing
[LX 2025/10/20 20:18:47] Fixture Examples/Fan.lxf: Strip may not specify a negative spacing
[LX 2025/10/20 20:18:47] Fixture Examples/Fan.lxf: Strip may not specify a negative spacing
[LX 2025/10/20 20:18:47] Fixture Examples/Fan.lxf: Strip may not specify a negative spacing
[LX 2025/10/20 20:18:47] Fixture Examples/Fan.lxf: Strip may not specify a negative spacing
[LX 2025/10/20 20:18:47] Fixture Examples/Fan.lxf: Strip may not specify a negative spacing
[LX 2025/10/20 20:18:47] Fixture Examples/Fan.lxf: Strip may not specify a negative spacing
[LX 2025/10/20 20:18:47] Fixture Examples/Fan.lxf: Strip may not specify a negative spacing
[LX 2025/10/20 20:18:47] Fixture Examples/Fan.lxf: Strip may not specify a negative spacing
[LX 2025/10/20 20:18:47] Fixture Examples/Fan.lxf: Strip may not specify a negative spacing
[LX 2025/10/20 20:18:47] Fixture Examples/Fan.lxf: Strip may not specify a negative spacing
[LX 2025/10/20 20:18:47] Fixture Examples/Fan.lxf: Strip may not specify a negative spacing
[LX 2025/10/20 20:18:47] Fixture Examples/Fan.lxf: Strip may not specify a negative spacing
[LX 2025/10/20 20:18:47] Fixture Examples/Fan.lxf: Strip may not specify a negative spacing
[LX 2025/10/20 20:18:47] Fixture Examples/Fan.lxf: Strip may not specify a negative spacing
[LX 2025/10/20 20:18:47] Fixture Examples/Fan.lxf: Strip may not specify a negative spacing
[LX 2025/10/20 20:18:47] Fixture Examples/Fan.lxf: Strip may not specify a negative spacing
[LX 2025/10/20 20:18:47] Fixture Examples/Fan.lxf: Strip may not specify a negative spacing
[LX 2025/10/20 20:18:47] Fixture Examples/Fan.lxf: Strip may not specify a negative spacing
[LX 2025/10/20 20:18:47] Fixture Examples/Fan.lxf: Strip may not specify a negative spacing
[LX 2025/10/20 20:18:47] Fixture Examples/Fan.lxf: Strip may not specify a negative spacing
[LX 2025/10/20 20:18:47] Fixture Examples/Fan.lxf: Strip may not specify a negative spacing
[LX 2025/10/20 20:18:47] Fixture Examples/Fan.lxf: Strip may not specify a negative spacing
[LX 2025/10/20 20:18:47] Fixture Examples/Fan.lxf: Strip may not specify a negative spacing
[LX 2025/10/20 20:18:47] Fixture Examples/Fan.lxf: Strip may not specify a negative spacing
[LX 2025/10/20 20:18:47] Fixture Examples/Fan.lxf: Strip may not specify a negative spacing
[LX 2025/10/20 20:18:47] Fixture Examples/Fan.lxf: Strip may not specify a negative spacing
[LX 2025/10/20 20:18:47] Fixture Examples/Fan.lxf: Strip may not specify a negative spacing
[LX 2025/10/20 20:18:47] Fixture Examples/Fan.lxf: Strip may not specify a negative spacing
[LX 2025/10/20 20:18:47] Fixture Examples/Fan.lxf: Strip may not specify a negative spacing
[LX 2025/10/20 20:18:47] Fixture Examples/Fan.lxf: Strip may not specify a negative spacing
[LX 2025/10/20 20:18:47] Fixture Examples/Fan.lxf: Strip may not specify a negative spacing
[LX 2025/10/20 20:18:47] Fixture Examples/Fan.lxf: Strip may not specify a negative spacing
[LX 2025/10/20 20:18:47] Fixture Examples/Fan.lxf: Strip may not specify a negative spacing
[LX 2025/10/20 20:18:47] Fixture Examples/Fan.lxf: Strip may not specify a negative spacing
[LX 2025/10/20 20:18:47] Fixture Examples/Fan.lxf: Strip may not specify a negative spacing
[LX 2025/10/20 20:18:47] Fixture Examples/Fan.lxf: Strip may not specify a negative spacing
[LX 2025/10/20 20:18:47] Fixture Examples/Fan.lxf: Strip may not specify a negative spacing
[LX 2025/10/20 20:18:47] Fixture Examples/Fan.lxf: Strip may not specify a negative spacing
[LX 2025/10/20 20:18:47] Fixture Examples/Fan.lxf: Strip may not specify a negative spacing
[LX 2025/10/20 20:18:47] Fixture Examples/Fan.lxf: Strip may not specify a negative spacing
[LX 2025/10/20 20:18:47] Fixture Examples/Fan.lxf: Strip may not specify a negative spacing
[LX 2025/10/20 20:18:47] Fixture Examples/Fan.lxf: Strip may not specify a negative spacing
[LX 2025/10/20 20:18:47] Fixture Examples/Fan.lxf: Strip may not specify a negative spacing
[LX 2025/10/20 20:18:47] Fixture Examples/Fan.lxf: Strip may not specify a negative spacing
[LX 2025/10/20 20:18:47] Fixture Examples/Fan.lxf: Strip may not specify a negative spacing
[LX 2025/10/20 20:18:47] Fixture Examples/Fan.lxf: Strip may not specify a negative spacing
[LX 2025/10/20 20:18:47] Fixture Examples/Fan.lxf: Strip may not specify a negative spacing
[LX 2025/10/20 20:18:47] Fixture Examples/Fan.lxf: Strip may not specify a negative spacing
[LX 2025/10/20 20:18:47] Fixture Examples/Fan.lxf: Strip may not specify a negative spacing
[LX 2025/10/20 20:18:47] Fixture Examples/Fan.lxf: Strip may not specify a negative spacing
[LX 2025/10/20 20:18:47] Fixture Examples/Fan.lxf: Strip may not specify a negative spacing
[LX 2025/10/20 20:18:47] Fixture Examples/Fan.lxf: Strip may not specify a negative spacing
[LX 2025/10/20 20:18:47] Fixture Examples/Fan.lxf: Strip may not specify a negative spacing
[LX 2025/10/20 20:18:47] Fixture Examples/Fan.lxf: Strip may not specify a negative spacing
[LX 2025/10/20 20:18:47] Fixture Examples/Fan.lxf: Strip may not specify a negative spacing
[LX 2025/10/20 20:18:47] Fixture Examples/Fan.lxf: Strip may not specify a negative spacing
[LX 2025/10/20 20:18:47] Fixture Examples/Fan.lxf: Strip may not specify a negative spacing
[LX 2025/10/20 20:18:47] Fixture Examples/Fan.lxf: Strip may not specify a negative spacing
[LX 2025/10/20 20:18:47] Fixture Examples/Fan.lxf: Strip may not specify a negative spacing
[LX 2025/10/20 20:18:47] Fixture Examples/Fan.lxf: Strip may not specify a negative spacing
[LX 2025/10/20 20:18:47] Fixture Examples/Fan.lxf: Strip may not specify a negative spacing
[LX 2025/10/20 20:18:47] Fixture Examples/Fan.lxf: Strip may not specify a negative spacing
[LX 2025/10/20 20:18:47] Fixture Examples/Fan.lxf: Strip may not specify a negative spacing
[LX 2025/10/20 20:18:47] Fixture Examples/Fan.lxf: Strip may not specify a negative spacing
[LX 2025/10/20 20:18:47] Fixture Examples/Fan.lxf: Strip may not specify a negative spacing
[LX 2025/10/20 20:18:47] Fixture Examples/Fan.lxf: Strip may not specify a negative spacing
[LX 2025/10/20 20:18:47] Fixture Examples/Fan.lxf: Strip may not specify a negative spacing
[LX 2025/10/20 20:18:47] Fixture Examples/Fan.lxf: Strip may not specify a negative spacing
[LX 2025/10/20 20:18:47] Fixture Examples/Fan.lxf: Strip may not specify a negative spacing
[LX 2025/10/20 20:18:47] Fixture Examples/Fan.lxf: Strip may not specify a negative spacing
[LX 2025/10/20 20:18:47] Fixture Examples/Fan.lxf: Strip may not specify a negative spacing
[LX 2025/10/20 20:18:47] Fixture Examples/Fan.lxf: Strip may not specify a negative spacing
[LX 2025/10/20 20:18:47] Fixture Examples/Fan.lxf: Strip may not specify a negative spacing
[LX 2025/10/20 20:18:47] Fixture Examples/Fan.lxf: Strip may not specify a negative spacing
[LX 2025/10/20 20:18:47] Fixture Examples/Fan.lxf: Strip may not specify a negative spacing
[LX 2025/10/20 20:18:47] Fixture Examples/Fan.lxf: Strip may not specify a negative spacing
[LX 2025/10/20 20:18:47] Fixture Examples/Fan.lxf: Strip may not specify a negative spacing
[LX 2025/10/20 20:18:47] Fixture Examples/Fan.lxf: Strip may not specify a negative spacing
[LX 2025/10/20 20:18:47] Fixture Examples/Fan.lxf: Strip may not specify a negative spacing
[LX 2025/10/20 20:18:47] Fixture Examples/Fan.lxf: Strip may not specify a negative spacing
[LX 2025/10/20 20:18:47] Fixture Examples/Fan.lxf: Strip may not specify a negative spacing
[LX 2025/10/20 20:18:47] Fixture Examples/Fan.lxf: Strip may not specify a negative spacing
[LX 2025/10/20 20:18:47] Fixture Examples/Fan.lxf: Strip may not specify a negative spacing
[LX 2025/10/20 20:18:47] Fixture Examples/Fan.lxf: Strip may not specify a negative spacing
[LX 2025/10/20 20:18:47] Fixture Examples/Fan.lxf: Strip may not specify a negative spacing
[LX 2025/10/20 20:18:47] Fixture Examples/Fan.lxf: Strip may not specify a negative spacing
[LX 2025/10/20 20:18:47] Fixture Examples/Fan.lxf: Strip may not specify a negative spacing
[LX 2025/10/20 20:18:47] Fixture Examples/Fan.lxf: Strip may not specify a negative spacing
[LX 2025/10/20 20:18:47] Fixture Examples/Fan.lxf: Strip may not specify a negative spacing
[LX 2025/10/20 20:18:47] Fixture Examples/Fan.lxf: Strip may not specify a negative spacing
[LX 2025/10/20 20:18:47] Fixture Examples/Fan.lxf: Strip may not specify a negative spacing
[LX 2025/10/20 20:18:47] Fixture Examples/Fan.lxf: Strip may not specify a negative spacing
[LX 2025/10/20 20:18:47] Fixture Examples/Fan.lxf: Strip may not specify a negative spacing
[LX 2025/10/20 20:18:47] Fixture Examples/Fan.lxf: Strip may not specify a negative spacing
[LX 2025/10/20 20:18:47] Fixture Examples/Fan.lxf: Strip may not specify a negative spacing
[LX 2025/10/20 20:18:47] Fixture Examples/Fan.lxf: Strip may not specify a negative spacing
[LX 2025/10/20 20:18:47] Fixture Examples/Fan.lxf: Strip may not specify a negative spacing
[LX 2025/10/20 20:18:47] Fixture Examples/Fan.lxf: Strip may not specify a negative spacing
[LX 2025/10/20 20:18:47] Fixture Examples/Fan.lxf: Strip may not specify a negative spacing
[LX 2025/10/20 20:18:47] Fixture Examples/Fan.lxf: Strip may not specify a negative spacing
[LX 2025/10/20 20:18:47] Fixture Examples/Fan.lxf: Strip may not specify a negative spacing
[LX 2025/10/20 20:18:47] Fixture Examples/Fan.lxf: Strip may not specify a negative spacing
[LX 2025/10/20 20:18:47] Fixture Examples/Fan.lxf: Strip may not specify a negative spacing
[LX 2025/10/20 20:18:47] Fixture Examples/Fan.lxf: Strip may not specify a negative spacing
[LX 2025/10/20 20:18:47] Fixture Examples/Fan.lxf: Strip may not specify a negative spacing
[LX 2025/10/20 20:18:47] Fixture Examples/Fan.lxf: Strip may not specify a negative spacing
[LX 2025/10/20 20:18:47] Fixture Examples/Fan.lxf: Strip may not specify a negative spacing
[LX 2025/10/20 20:18:47] Fixture Examples/Fan.lxf: Strip may not specify a negative spacing
[LX 2025/10/20 20:18:47] Fixture Examples/Fan.lxf: Strip may not specify a negative spacing
[LX 2025/10/20 20:18:47] Fixture Examples/Fan.lxf: Strip may not specify a negative spacing
[LX 2025/10/20 20:18:47] Fixture Examples/Fan.lxf: Strip may not specify a negative spacing
[LX 2025/10/20 20:18:47] Fixture Examples/Fan.lxf: Strip may not specify a negative spacing
[LX 2025/10/20 20:18:47] Fixture Examples/Fan.lxf: Strip may not specify a negative spacing
[LX 2025/10/20 20:18:47] Fixture Examples/Fan.lxf: Strip may not specify a negative spacing
[LX 2025/10/20 20:18:47] Fixture Examples/Fan.lxf: Strip may not specify a negative spacing
[LX 2025/10/20 20:18:47] Fixture Examples/Fan.lxf: Strip may not specify a negative spacing
[LX 2025/10/20 20:18:47] Fixture Examples/Fan.lxf: Strip may not specify a negative spacing
[LX 2025/10/20 20:18:47] Fixture Examples/Fan.lxf: Strip may not specify a negative spacing
[LX 2025/10/20 20:18:47] Fixture Examples/Fan.lxf: Strip may not specify a negative spacing
[LX 2025/10/20 20:18:47] Fixture Examples/Fan.lxf: Strip may not specify a negative spacing
[LX 2025/10/20 20:18:47] Fixture Examples/Fan.lxf: Strip may not specify a negative spacing
[LX 2025/10/20 20:18:47] Fixture Examples/Fan.lxf: Strip may not specify a negative spacing
[LX 2025/10/20 20:18:47] Fixture Examples/Fan.lxf: Strip may not specify a negative spacing
[LX 2025/10/20 20:18:47] Fixture Examples/Fan.lxf: Strip may not specify a negative spacing
[LX 2025/10/20 20:18:47] Fixture Examples/Fan.lxf: Strip may not specify a negative spacing
[LX 2025/10/20 20:18:47] Fixture Examples/Fan.lxf: Strip may not specify a negative spacing
[LX 2025/10/20 20:18:47] Fixture Examples/Fan.lxf: Strip may not specify a negative spacing
[LX 2025/10/20 20:18:47] Fixture Examples/Fan.lxf: Strip may not specify a negative spacing
[LX 2025/10/20 20:18:47] Fixture Examples/Fan.lxf: Strip may not specify a negative spacing
[LX 2025/10/20 20:18:47] Fixture Examples/Fan.lxf: Strip may not specify a negative spacing
[LX 2025/10/20 20:18:47] Fixture Examples/Fan.lxf: Strip may not specify a negative spacing
[LX 2025/10/20 20:18:47] Fixture Examples/Fan.lxf: Strip may not specify a negative spacing
[LX 2025/10/20 20:18:47] Fixture Examples/Fan.lxf: Strip may not specify a negative spacing
[LX 2025/10/20 20:18:47] Fixture Examples/Fan.lxf: Strip may not specify a negative spacing
[LX 2025/10/20 20:18:47] Fixture Examples/Fan.lxf: Strip may not specify a negative spacing
[LX 2025/10/20 20:18:47] Fixture Examples/Fan.lxf: Strip may not specify a negative spacing
[LX 2025/10/20 20:18:47] Fixture Examples/Fan.lxf: Strip may not specify a negative spacing
[LX 2025/10/20 20:18:47] Fixture Examples/Fan.lxf: Strip may not specify a negative spacing
[LX 2025/10/20 20:18:47] Fixture Examples/Fan.lxf: Strip may not specify a negative spacing
[LX 2025/10/20 20:18:47] Fixture Examples/Fan.lxf: Strip may not specify a negative spacing
[LX 2025/10/20 20:18:47] Fixture Examples/Fan.lxf: Strip may not specify a negative spacing
[LX 2025/10/20 20:18:47] Fixture Examples/Fan.lxf: Strip may not specify a negative spacing
[LX 2025/10/20 20:18:47] Fixture Examples/Fan.lxf: Strip may not specify a negative spacing
[LX 2025/10/20 20:18:47] Fixture Examples/Fan.lxf: Strip may not specify a negative spacing
[LX 2025/10/20 20:18:47] Fixture Examples/Fan.lxf: Strip may not specify a negative spacing
[LX 2025/10/20 20:18:47] Fixture Examples/Fan.lxf: Strip may not specify a negative spacing
[LX 2025/10/20 20:18:47] Fixture Examples/Fan.lxf: Strip may not specify a negative spacing
[LX 2025/10/20 20:18:47] Fixture Examples/Fan.lxf: Strip may not specify a negative spacing
[LX 2025/10/20 20:18:47] Fixture Examples/Fan.lxf: Strip may not specify a negative spacing
[LX 2025/10/20 20:18:47] Fixture Examples/Fan.lxf: Strip may not specify a negative spacing
[LX 2025/10/20 20:18:47] Fixture Examples/Fan.lxf: Strip may not specify a negative spacing
[LX 2025/10/20 20:18:47] Fixture Examples/Fan.lxf: Strip may not specify a negative spacing
[LX 2025/10/20 20:18:47] Fixture Examples/Fan.lxf: Strip may not specify a negative spacing
[LX 2025/10/20 20:18:47] Fixture Examples/Fan.lxf: Strip may not specify a negative spacing
[LX 2025/10/20 20:18:47] Fixture Examples/Fan.lxf: Strip may not specify a negative spacing
[LX 2025/10/20 20:18:47] Fixture Examples/Fan.lxf: Strip may not specify a negative spacing
[LX 2025/10/20 20:18:47] Fixture Examples/Fan.lxf: Strip may not specify a negative spacing
[LX 2025/10/20 20:18:47] Fixture Examples/Fan.lxf: Strip may not specify a negative spacing
[LX 2025/10/20 20:18:47] Fixture Examples/Fan.lxf: Strip may not specify a negative spacing
[LX 2025/10/20 20:18:47] Fixture Examples/Fan.lxf: Strip may not specify a negative spacing
[LX 2025/10/20 20:18:47] Fixture Examples/Fan.lxf: Strip may not specify a negative spacing
[LX 2025/10/20 20:18:47] Fixture Examples/Fan.lxf: Strip may not specify a negative spacing
[LX 2025/10/20 20:18:47] Fixture Examples/Fan.lxf: Strip may not specify a negative spacing
[LX 2025/10/20 20:18:47] Fixture Examples/Fan.lxf: Strip may not specify a negative spacing
[LX 2025/10/20 20:18:47] Fixture Examples/Fan.lxf: Strip may not specify a negative spacing
[LX 2025/10/20 20:18:47] Fixture Examples/Fan.lxf: Strip may not specify a negative spacing
[LX 2025/10/20 20:18:47] Fixture Examples/Fan.lxf: Strip may not specify a negative spacing
[LX 2025/10/20 20:18:47] Fixture Examples/Fan.lxf: Strip may not specify a negative spacing
[LX 2025/10/20 20:18:47] Fixture Examples/Fan.lxf: Strip may not specify a negative spacing
[LX 2025/10/20 20:18:47] Fixture Examples/Fan.lxf: Strip may not specify a negative spacing
[LX 2025/10/20 20:18:47] Fixture Examples/Fan.lxf: Strip may not specify a negative spacing
[LX 2025/10/20 20:18:47] Fixture Examples/Fan.lxf: Strip may not specify a negative spacing
[LX 2025/10/20 20:18:47] Fixture Examples/Fan.lxf: Strip may not specify a negative spacing
[LX 2025/10/20 20:18:47] Fixture Examples/Fan.lxf: Strip may not specify a negative spacing
[LX 2025/10/20 20:18:47] Fixture Examples/Fan.lxf: Strip may not specify a negative spacing
[LX 2025/10/20 20:18:47] Fixture Examples/Fan.lxf: Strip may not specify a negative spacing
[LX 2025/10/20 20:18:47] Fixture Examples/Fan.lxf: Strip may not specify a negative spacing
[LX 2025/10/20 20:18:47] Fixture Examples/Fan.lxf: Strip may not specify a negative spacing
[LX 2025/10/20 20:18:47] Fixture Examples/Fan.lxf: Strip may not specify a negative spacing
[LX 2025/10/20 20:18:47] Fixture Examples/Fan.lxf: Strip may not specify a negative spacing
[LX 2025/10/20 20:18:47] Fixture Examples/Fan.lxf: Strip may not specify a negative spacing
[LX 2025/10/20 20:18:47] Fixture Examples/Fan.lxf: Strip may not specify a negative spacing
[LX 2025/10/20 20:18:47] Fixture Examples/Fan.lxf: Strip may not specify a negative spacing
[LX 2025/10/20 20:18:47] Fixture Examples/Fan.lxf: Strip may not specify a negative spacing
[LX 2025/10/20 20:18:47] Fixture Examples/Fan.lxf: Strip may not specify a negative spacing
[LX 2025/10/20 20:18:47] Fixture Examples/Fan.lxf: Strip may not specify a negative spacing
[LX 2025/10/20 20:18:47] Fixture Examples/Fan.lxf: Strip may not specify a negative spacing
[LX 2025/10/20 20:18:47] Fixture Examples/Fan.lxf: Strip may not specify a negative spacing
[LX 2025/10/20 20:18:47] Fixture Examples/Fan.lxf: Strip may not specify a negative spacing
[LX 2025/10/20 20:18:47] Fixture Examples/Fan.lxf: Strip may not specify a negative spacing
[LX 2025/10/20 20:18:47] Fixture Examples/Fan.lxf: Strip may not specify a negative spacing
[LX 2025/10/20 20:18:47] Fixture Examples/Fan.lxf: Strip may not specify a negative spacing
[LX 2025/10/20 20:18:47] Fixture Examples/Fan.lxf: Strip may not specify a negative spacing
[LX 2025/10/20 20:18:47] Fixture Examples/Fan.lxf: Strip may not specify a negative spacing
[LX 2025/10/20 20:18:47] Fixture Examples/Fan.lxf: Strip may not specify a negative spacing
[LX 2025/10/20 20:18:47] Fixture Examples/Fan.lxf: Strip may not specify a negative spacing
[LX 2025/10/20 20:18:47] Fixture Examples/Fan.lxf: Strip may not specify a negative spacing
[LX 2025/10/20 20:18:47] Fixture Examples/Fan.lxf: Strip may not specify a negative spacing
[LX 2025/10/20 20:18:47] Fixture Examples/Fan.lxf: Strip may not specify a negative spacing
[LX 2025/10/20 20:18:47] Fixture Examples/Fan.lxf: Strip may not specify a negative spacing
[LX 2025/10/20 20:18:47] Fixture Examples/Fan.lxf: Strip may not specify a negative spacing
[LX 2025/10/20 20:18:47] Fixture Examples/Fan.lxf: Strip may not specify a negative spacing
[LX 2025/10/20 20:18:47] Fixture Examples/Fan.lxf: Strip may not specify a negative spacing
[LX 2025/10/20 20:18:47] Fixture Examples/Fan.lxf: Strip may not specify a negative spacing
[LX 2025/10/20 20:18:47] Fixture Examples/Fan.lxf: Strip may not specify a negative spacing
[LX 2025/10/20 20:18:47] Fixture Examples/Fan.lxf: Strip may not specify a negative spacing
[LX 2025/10/20 20:18:47] Fixture Examples/Fan.lxf: Strip may not specify a negative spacing
[LX 2025/10/20 20:18:47] Fixture Examples/Fan.lxf: Strip may not specify a negative spacing
[LX 2025/10/20 20:18:47] Fixture Examples/Fan.lxf: Strip may not specify a negative spacing
[LX 2025/10/20 20:18:47] Fixture Examples/Fan.lxf: Strip may not specify a negative spacing
[LX 2025/10/20 20:18:47] Fixture Examples/Fan.lxf: Strip may not specify a negative spacing
[LX 2025/10/20 20:18:47] Fixture Examples/Fan.lxf: Strip may not specify a negative spacing
[LX 2025/10/20 20:18:47] Fixture Examples/Fan.lxf: Strip may not specify a negative spacing
[LX 2025/10/20 20:18:47] Fixture Examples/Fan.lxf: Strip may not specify a negative spacing
[LX 2025/10/20 20:18:47] Fixture Examples/Fan.lxf: Strip may not specify a negative spacing
[LX 2025/10/20 20:18:47] Fixture Examples/Fan.lxf: Strip may not specify a negative spacing
[LX 2025/10/20 20:18:47] Fixture Examples/Fan.lxf: Strip may not specify a negative spacing
[LX 2025/10/20 20:18:47] Fixture Examples/Fan.lxf: Strip may not specify a negative spacing
[LX 2025/10/20 20:18:47] Fixture Examples/Fan.lxf: Strip may not specify a negative spacing
[LX 2025/10/20 20:18:47] Fixture Examples/Fan.lxf: Strip may not specify a negative spacing
[LX 2025/10/20 20:18:47] Fixture Examples/Fan.lxf: Strip may not specify a negative spacing
[LX 2025/10/20 20:18:47] Fixture Examples/Fan.lxf: Strip may not specify a negative spacing
[LX 2025/10/20 20:18:47] Fixture Examples/Fan.lxf: Strip may not specify a negative spacing
[LX 2025/10/20 20:18:47] Fixture Examples/Fan.lxf: Strip may not specify a negative spacing
[LX 2025/10/20 20:18:47] Fixture Examples/Fan.lxf: Strip may not specify a negative spacing
[LX 2025/10/20 20:18:47] Fixture Examples/Fan.lxf: Strip may not specify a negative spacing
[LX 2025/10/20 20:18:47] Fixture Examples/Fan.lxf: Strip may not specify a negative spacing
[LX 2025/10/20 20:18:47] Fixture Examples/Fan.lxf: Strip may not specify a negative spacing
[LX 2025/10/20 20:18:47] Fixture Examples/Fan.lxf: Strip may not specify a negative spacing
[LX 2025/10/20 20:18:47] Fixture Examples/Fan.lxf: Strip may not specify a negative spacing
[LX 2025/10/20 20:18:47] Fixture Examples/Fan.lxf: Strip may not specify a negative spacing
[LX 2025/10/20 20:18:47] Fixture Examples/Fan.lxf: Strip may not specify a negative spacing
[LX 2025/10/20 20:18:47] Fixture Examples/Fan.lxf: Strip may not specify a negative spacing
[LX 2025/10/20 20:18:47] Fixture Examples/Fan.lxf: Strip may not specify a negative spacing
[LX 2025/10/20 20:18:47] Fixture Examples/Fan.lxf: Strip may not specify a negative spacing
[LX 2025/10/20 20:18:47] Fixture Examples/Fan.lxf: Strip may not specify a negative spacing
[LX 2025/10/20 20:18:47] Fixture Examples/Fan.lxf: Strip may not specify a negative spacing
[LX 2025/10/20 20:18:47] Fixture Examples/Fan.lxf: Strip may not specify a negative spacing
[LX 2025/10/20 20:18:47] Fixture Examples/Fan.lxf: Strip may not specify a negative spacing
[LX 2025/10/20 20:18:47] Fixture Examples/Fan.lxf: Strip may not specify a negative spacing
[LX 2025/10/20 20:18:47] Fixture Examples/Fan.lxf: Strip may not specify a negative spacing
[LX 2025/10/20 20:18:47] Fixture Examples/Fan.lxf: Strip may not specify a negative spacing
[LX 2025/10/20 20:18:47] Fixture Examples/Fan.lxf: Strip may not specify a negative spacing
[LX 2025/10/20 20:18:47] Fixture Examples/Fan.lxf: Strip may not specify a negative spacing
[LX 2025/10/20 20:18:47] Fixture Examples/Fan.lxf: Strip may not specify a negative spacing
[LX 2025/10/20 20:18:47] Fixture Examples/Fan.lxf: Strip may not specify a negative spacing
[LX 2025/10/20 20:18:47] Fixture Examples/Fan.lxf: Strip may not specify a negative spacing
[LX 2025/10/20 20:18:47] Fixture Examples/Fan.lxf: Strip may not specify a negative spacing
[LX 2025/10/20 20:18:47] Fixture Examples/Fan.lxf: Strip may not specify a negative spacing
[LX 2025/10/20 20:18:47] Fixture Examples/Fan.lxf: Strip may not specify a negative spacing
[LX 2025/10/20 20:18:47] Fixture Examples/Fan.lxf: Strip may not specify a negative spacing
[LX 2025/10/20 20:18:47] Fixture Examples/Fan.lxf: Strip may not specify a negative spacing
[LX 2025/10/20 20:18:47] Fixture Examples/Fan.lxf: Strip may not specify a negative spacing
[LX 2025/10/20 20:18:47] Fixture Examples/Fan.lxf: Strip may not specify a negative spacing
[LX 2025/10/20 20:18:47] Fixture Examples/Fan.lxf: Strip may not specify a negative spacing
[LX 2025/10/20 20:18:47] Fixture Examples/Fan.lxf: Strip may not specify a negative spacing
[LX 2025/10/20 20:18:47] Fixture Examples/Fan.lxf: Strip may not specify a negative spacing
[LX 2025/10/20 20:18:47] Fixture Examples/Fan.lxf: Strip may not specify a negative spacing
[LX 2025/10/20 20:18:47] Fixture Examples/Fan.lxf: Strip may not specify a negative spacing
[LX 2025/10/20 20:18:47] Fixture Examples/Fan.lxf: Strip may not specify a negative spacing
[LX 2025/10/20 20:18:47] Fixture Examples/Fan.lxf: Strip may not specify a negative spacing
[LX 2025/10/20 20:18:47] Fixture Examples/Fan.lxf: Strip may not specify a negative spacing
[LX 2025/10/20 20:18:47] Fixture Examples/Fan.lxf: Strip may not specify a negative spacing
[LX 2025/10/20 20:18:47] Fixture Examples/Fan.lxf: Strip may not specify a negative spacing
[LX 2025/10/20 20:18:47] Fixture Examples/Fan.lxf: Strip may not specify a negative spacing
[LX 2025/10/20 20:18:47] Fixture Examples/Fan.lxf: Strip may not specify a negative spacing
[LX 2025/10/20 20:18:47] Fixture Examples/Fan.lxf: Strip may not specify a negative spacing
[LX 2025/10/20 20:18:47] Fixture Examples/Fan.lxf: Strip may not specify a negative spacing
[LX 2025/10/20 20:18:47] Fixture Examples/Fan.lxf: Strip may not specify a negative spacing
[LX 2025/10/20 20:18:47] Fixture Examples/Fan.lxf: Strip may not specify a negative spacing
[LX 2025/10/20 20:18:47] Fixture Examples/Fan.lxf: Strip may not specify a negative spacing
[LX 2025/10/20 20:18:47] Fixture Examples/Fan.lxf: Strip may not specify a negative spacing
[LX 2025/10/20 20:18:47] Fixture Examples/Fan.lxf: Strip may not specify a negative spacing
[LX 2025/10/20 20:18:47] Fixture Examples/Fan.lxf: Strip may not specify a negative spacing
[LX 2025/10/20 20:18:47] Fixture Examples/Fan.lxf: Strip may not specify a negative spacing
[LX 2025/10/20 20:18:47] Fixture Examples/Fan.lxf: Strip may not specify a negative spacing
[LX 2025/10/20 20:18:47] Fixture Examples/Fan.lxf: Strip may not specify a negative spacing
[LX 2025/10/20 20:18:47] Fixture Examples/Fan.lxf: Strip may not specify a negative spacing
[LX 2025/10/20 20:18:47] Fixture Examples/Fan.lxf: Strip may not specify a negative spacing
[LX 2025/10/20 20:18:47] Fixture Examples/Fan.lxf: Strip may not specify a negative spacing
[LX 2025/10/20 20:18:47] Fixture Examples/Fan.lxf: Strip may not specify a negative spacing
[LX 2025/10/20 20:18:47] Fixture Examples/Fan.lxf: Strip may not specify a negative spacing
[LX 2025/10/20 20:18:47] Fixture Examples/Fan.lxf: Strip may not specify a negative spacing
[LX 2025/10/20 20:18:47] Fixture Examples/Fan.lxf: Strip may not specify a negative spacing
[LX 2025/10/20 20:18:47] Fixture Examples/Fan.lxf: Strip may not specify a negative spacing
[LX 2025/10/20 20:18:47] Fixture Examples/Fan.lxf: Strip may not specify a negative spacing
[LX 2025/10/20 20:18:47] Fixture Examples/Fan.lxf: Strip may not specify a negative spacing
[LX 2025/10/20 20:18:47] Fixture Examples/Fan.lxf: Strip may not specify a negative spacing
[LX 2025/10/20 20:18:47] Fixture Examples/Fan.lxf: Strip may not specify a negative spacing
[LX 2025/10/20 20:18:47] Fixture Examples/Fan.lxf: Strip may not specify a negative spacing
[LX 2025/10/20 20:18:47] Fixture Examples/Fan.lxf: Strip may not specify a negative spacing
[LX 2025/10/20 20:18:47] Fixture Examples/Fan.lxf: Strip may not specify a negative spacing
[LX 2025/10/20 20:18:47] Fixture Examples/Fan.lxf: Strip may not specify a negative spacing
[LX 2025/10/20 20:18:47] Fixture Examples/Fan.lxf: Strip may not specify a negative spacing
[LX 2025/10/20 20:18:47] Fixture Examples/Fan.lxf: Strip may not specify a negative spacing
[LX 2025/10/20 20:18:47] Fixture Examples/Fan.lxf: Strip may not specify a negative spacing
[LX 2025/10/20 20:18:47] Fixture Examples/Fan.lxf: Strip may not specify a negative spacing
[LX 2025/10/20 20:18:47] Fixture Examples/Fan.lxf: Strip may not specify a negative spacing
[LX 2025/10/20 20:18:47] Fixture Examples/Fan.lxf: Strip may not specify a negative spacing
[LX 2025/10/20 20:18:47] Fixture Examples/Fan.lxf: Strip may not specify a negative spacing
[LX 2025/10/20 20:18:47] Fixture Examples/Fan.lxf: Strip may not specify a negative spacing
[LX 2025/10/20 20:18:47] Fixture Examples/Fan.lxf: Strip may not specify a negative spacing
[LX 2025/10/20 20:18:47] Fixture Examples/Fan.lxf: Strip may not specify a negative spacing
[LX 2025/10/20 20:18:47] Fixture Examples/Fan.lxf: Strip may not specify a negative spacing
[LX 2025/10/20 20:18:47] Fixture Examples/Fan.lxf: Strip may not specify a negative spacing
[LX 2025/10/20 20:18:47] Fixture Examples/Fan.lxf: Strip may not specify a negative spacing
[LX 2025/10/20 20:18:47] Fixture Examples/Fan.lxf: Strip may not specify a negative spacing
[LX 2025/10/20 20:18:47] Fixture Examples/Fan.lxf: Strip may not specify a negative spacing
[LX 2025/10/20 20:18:47] Fixture Examples/Fan.lxf: Strip may not specify a negative spacing
[LX 2025/10/20 20:18:47] Fixture Examples/Fan.lxf: Strip may not specify a negative spacing
[LX 2025/10/20 20:18:47] Fixture Examples/Fan.lxf: Strip may not specify a negative spacing
[LX 2025/10/20 20:18:47] Fixture Examples/Fan.lxf: Strip may not specify a negative spacing
[LX 2025/10/20 20:18:47] Fixture Examples/Fan.lxf: Strip may not specify a negative spacing
[LX 2025/10/20 20:18:47] Fixture Examples/Fan.lxf: Strip may not specify a negative spacing
[LX 2025/10/20 20:18:47] Fixture Examples/Fan.lxf: Strip may not specify a negative spacing
[LX 2025/10/20 20:18:47] Fixture Examples/Fan.lxf: Strip may not specify a negative spacing
[LX 2025/10/20 20:18:47] Fixture Examples/Fan.lxf: Strip may not specify a negative spacing
[LX 2025/10/20 20:18:47] Fixture Examples/Fan.lxf: Strip may not specify a negative spacing
[LX 2025/10/20 20:18:47] Fixture Examples/Fan.lxf: Strip may not specify a negative spacing
[LX 2025/10/20 20:18:47] Fixture Examples/Fan.lxf: Strip may not specify a negative spacing
[LX 2025/10/20 20:18:47] Fixture Examples/Fan.lxf: Strip may not specify a negative spacing
[LX 2025/10/20 20:18:47] Fixture Examples/Fan.lxf: Strip may not specify a negative spacing
[LX 2025/10/20 20:18:47] Fixture Examples/Fan.lxf: Strip may not specify a negative spacing
[LX 2025/10/20 20:18:47] Fixture Examples/Fan.lxf: Strip may not specify a negative spacing
[LX 2025/10/20 20:18:47] Fixture Examples/Fan.lxf: Strip may not specify a negative spacing
[LX 2025/10/20 20:18:47] Fixture Examples/Fan.lxf: Strip may not specify a negative spacing
[LX 2025/10/20 20:18:47] Fixture Examples/Fan.lxf: Strip may not specify a negative spacing
[LX 2025/10/20 20:18:47] Fixture Examples/Fan.lxf: Strip may not specify a negative spacing
[LX 2025/10/20 20:18:47] Fixture Examples/Fan.lxf: Strip may not specify a negative spacing
[LX 2025/10/20 20:18:47] Fixture Examples/Fan.lxf: Strip may not specify a negative spacing
[LX 2025/10/20 20:18:47] Fixture Examples/Fan.lxf: Strip may not specify a negative spacing
[LX 2025/10/20 20:18:47] Fixture Examples/Fan.lxf: Strip may not specify a negative spacing
[LX 2025/10/20 20:18:47] Fixture Examples/Fan.lxf: Strip may not specify a negative spacing
[LX 2025/10/20 20:18:47] Fixture Examples/Fan.lxf: Strip may not specify a negative spacing
[LX 2025/10/20 20:18:47] Fixture Examples/Fan.lxf: Strip may not specify a negative spacing
[LX 2025/10/20 20:18:47] Fixture Examples/Fan.lxf: Strip may not specify a negative spacing
[LX 2025/10/20 20:18:47] Fixture Examples/Fan.lxf: Strip may not specify a negative spacing
[LX 2025/10/20 20:18:47] Fixture Examples/Fan.lxf: Strip may not specify a negative spacing
[LX 2025/10/20 20:18:47] Fixture Examples/Fan.lxf: Strip may not specify a negative spacing
[LX 2025/10/20 20:18:47] Fixture Examples/Fan.lxf: Strip may not specify a negative spacing
[LX 2025/10/20 20:18:47] Fixture Examples/Fan.lxf: Strip may not specify a negative spacing
[LX 2025/10/20 20:18:47] Fixture Examples/Fan.lxf: Strip may not specify a negative spacing
[LX 2025/10/20 20:18:47] Fixture Examples/Fan.lxf: Strip may not specify a negative spacing
[LX 2025/10/20 20:18:47] Fixture Examples/Fan.lxf: Strip may not specify a negative spacing
[LX 2025/10/20 20:18:47] Fixture Examples/Fan.lxf: Strip may not specify a negative spacing
[LX 2025/10/20 20:18:47] Fixture Examples/Fan.lxf: Strip may not specify a negative spacing
[LX 2025/10/20 20:18:47] Fixture Examples/Fan.lxf: Strip may not specify a negative spacing
[LX 2025/10/20 20:18:47] Fixture Examples/Fan.lxf: Strip may not specify a negative spacing
[LX 2025/10/20 20:18:47] Fixture Examples/Fan.lxf: Strip may not specify a negative spacing
[LX 2025/10/20 20:18:47] Fixture Examples/Fan.lxf: Strip may not specify a negative spacing
[LX 2025/10/20 20:18:47] Fixture Examples/Fan.lxf: Strip may not specify a negative spacing
[LX 2025/10/20 20:18:47] Fixture Examples/Fan.lxf: Strip may not specify a negative spacing
[LX 2025/10/20 20:18:47] Fixture Examples/Fan.lxf: Strip may not specify a negative spacing
[LX 2025/10/20 20:18:47] Fixture Examples/Fan.lxf: Strip may not specify a negative spacing
[LX 2025/10/20 20:18:47] Fixture Examples/Fan.lxf: Strip may not specify a negative spacing
[LX 2025/10/20 20:18:47] Fixture Examples/Fan.lxf: Strip may not specify a negative spacing
[LX 2025/10/20 20:18:47] Fixture Examples/Fan.lxf: Strip may not specify a negative spacing
[LX 2025/10/20 20:18:47] Fixture Examples/Fan.lxf: Strip may not specify a negative spacing
[LX 2025/10/20 20:18:47] Fixture Examples/Fan.lxf: Strip may not specify a negative spacing
[LX 2025/10/20 20:18:47] Fixture Examples/Fan.lxf: Strip may not specify a negative spacing
[LX 2025/10/20 20:18:47] Fixture Examples/Fan.lxf: Strip may not specify a negative spacing
[LX 2025/10/20 20:18:47] Fixture Examples/Fan.lxf: Strip may not specify a negative spacing
[LX 2025/10/20 20:18:47] Fixture Examples/Fan.lxf: Strip may not specify a negative spacing
[LX 2025/10/20 20:18:47] Fixture Examples/Fan.lxf: Strip may not specify a negative spacing
[LX 2025/10/20 20:18:47] Fixture Examples/Fan.lxf: Strip may not specify a negative spacing
[LX 2025/10/20 20:18:47] Fixture Examples/Fan.lxf: Strip may not specify a negative spacing
[LX 2025/10/20 20:18:47] Fixture Examples/Fan.lxf: Strip may not specify a negative spacing
[LX 2025/10/20 20:18:47] Fixture Examples/Fan.lxf: Strip may not specify a negative spacing
[LX 2025/10/20 20:18:47] Fixture Examples/Fan.lxf: Strip may not specify a negative spacing
[LX 2025/10/20 20:18:47] Fixture Examples/Fan.lxf: Strip may not specify a negative spacing
[LX 2025/10/20 20:18:47] Fixture Examples/Fan.lxf: Strip may not specify a negative spacing
[LX 2025/10/20 20:18:47] Fixture Examples/Fan.lxf: Strip may not specify a negative spacing
[LX 2025/10/20 20:18:47] Fixture Examples/Fan.lxf: Strip may not specify a negative spacing
[LX 2025/10/20 20:18:47] Fixture Examples/Fan.lxf: Strip may not specify a negative spacing
[LX 2025/10/20 20:18:47] Fixture Examples/Fan.lxf: Strip may not specify a negative spacing
[LX 2025/10/20 20:18:47] Fixture Examples/Fan.lxf: Strip may not specify a negative spacing
[LX 2025/10/20 20:18:47] Fixture Examples/Fan.lxf: Strip may not specify a negative spacing
[LX 2025/10/20 20:18:47] Fixture Examples/Fan.lxf: Strip may not specify a negative spacing
[LX 2025/10/20 20:18:47] Fixture Examples/Fan.lxf: Strip may not specify a negative spacing
[LX 2025/10/20 20:18:47] Fixture Examples/Fan.lxf: Strip may not specify a negative spacing
[LX 2025/10/20 20:18:47] Fixture Examples/Fan.lxf: Strip may not specify a negative spacing
[LX 2025/10/20 20:18:47] Fixture Examples/Fan.lxf: Strip may not specify a negative spacing
[LX 2025/10/20 20:18:47] Fixture Examples/Fan.lxf: Strip may not specify a negative spacing
[LX 2025/10/20 20:18:47] Fixture Examples/Fan.lxf: Strip may not specify a negative spacing
[LX 2025/10/20 20:18:47] Fixture Examples/Fan.lxf: Strip may not specify a negative spacing
[LX 2025/10/20 20:18:47] Fixture Examples/Fan.lxf: Strip may not specify a negative spacing
[LX 2025/10/20 20:18:47] Fixture Examples/Fan.lxf: Strip may not specify a negative spacing
[LX 2025/10/20 20:18:47] Fixture Examples/Fan.lxf: Strip may not specify a negative spacing
[LX 2025/10/20 20:18:47] Fixture Examples/Fan.lxf: Strip may not specify a negative spacing
[LX 2025/10/20 20:18:47] Fixture Examples/Fan.lxf: Strip may not specify a negative spacing
[LX 2025/10/20 20:18:47] Fixture Examples/Fan.lxf: Strip may not specify a negative spacing
[LX 2025/10/20 20:18:47] Fixture Examples/Fan.lxf: Strip may not specify a negative spacing
[LX 2025/10/20 20:18:47] Fixture Examples/Fan.lxf: Strip may not specify a negative spacing
[LX 2025/10/20 20:18:47] Fixture Examples/Fan.lxf: Strip may not specify a negative spacing
[LX 2025/10/20 20:18:47] Fixture Examples/Fan.lxf: Strip may not specify a negative spacing
[LX 2025/10/20 20:18:47] Fixture Examples/Fan.lxf: Strip may not specify a negative spacing
[LX 2025/10/20 20:18:47] Fixture Examples/Fan.lxf: Strip may not specify a negative spacing
[LX 2025/10/20 20:18:47] Fixture Examples/Fan.lxf: Strip may not specify a negative spacing
[LX 2025/10/20 20:18:47] Fixture Examples/Fan.lxf: Strip may not specify a negative spacing
[LX 2025/10/20 20:18:47] Fixture Examples/Fan.lxf: Strip may not specify a negative spacing
[LX 2025/10/20 20:18:47] Fixture Examples/Fan.lxf: Strip may not specify a negative spacing
[LX 2025/10/20 20:18:47] Fixture Examples/Fan.lxf: Strip may not specify a negative spacing
[LX 2025/10/20 20:18:47] Fixture Examples/Fan.lxf: Strip may not specify a negative spacing
[LX 2025/10/20 20:18:47] Fixture Examples/Fan.lxf: Strip may not specify a negative spacing
[LX 2025/10/20 20:18:47] Fixture Examples/Fan.lxf: Strip may not specify a negative spacing
[LX 2025/10/20 20:18:47] Fixture Examples/Fan.lxf: Strip may not specify a negative spacing
[LX 2025/10/20 20:18:47] Fixture Examples/Fan.lxf: Strip may not specify a negative spacing
[LX 2025/10/20 20:18:47] Fixture Examples/Fan.lxf: Strip may not specify a negative spacing
[LX 2025/10/20 20:18:47] Fixture Examples/Fan.lxf: Strip may not specify a negative spacing
[LX 2025/10/20 20:18:47] Fixture Examples/Fan.lxf: Strip may not specify a negative spacing
[LX 2025/10/20 20:18:47] Fixture Examples/Fan.lxf: Strip may not specify a negative spacing
[LX 2025/10/20 20:18:47] Fixture Examples/Fan.lxf: Strip may not specify a negative spacing
[LX 2025/10/20 20:18:47] Fixture Examples/Fan.lxf: Strip may not specify a negative spacing
[LX 2025/10/20 20:18:47] Fixture Examples/Fan.lxf: Strip may not specify a negative spacing
[LX 2025/10/20 20:18:47] Fixture Examples/Fan.lxf: Strip may not specify a negative spacing
[LX 2025/10/20 20:18:47] Fixture Examples/Fan.lxf: Strip may not specify a negative spacing
[LX 2025/10/20 20:18:47] Fixture Examples/Fan.lxf: Strip may not specify a negative spacing
[LX 2025/10/20 20:18:47] Fixture Examples/Fan.lxf: Strip may not specify a negative spacing
[LX 2025/10/20 20:18:47] Fixture Examples/Fan.lxf: Strip may not specify a negative spacing
[LX 2025/10/20 20:18:47] Fixture Examples/Fan.lxf: Strip may not specify a negative spacing
[LX 2025/10/20 20:18:47] Fixture Examples/Fan.lxf: Strip may not specify a negative spacing
[LX 2025/10/20 20:18:47] Fixture Examples/Fan.lxf: Strip may not specify a negative spacing
[LX 2025/10/20 20:18:47] Fixture Examples/Fan.lxf: Strip may not specify a negative spacing
[LX 2025/10/20 20:18:47] Fixture Examples/Fan.lxf: Strip may not specify a negative spacing
[LX 2025/10/20 20:18:47] Fixture Examples/Fan.lxf: Strip may not specify a negative spacing
[LX 2025/10/20 20:18:47] Fixture Examples/Fan.lxf: Strip may not specify a negative spacing
[LX 2025/10/20 20:18:47] Fixture Examples/Fan.lxf: Strip may not specify a negative spacing
[LX 2025/10/20 20:18:47] Fixture Examples/Fan.lxf: Strip may not specify a negative spacing
[LX 2025/10/20 20:18:47] Fixture Examples/Fan.lxf: Strip may not specify a negative spacing
[LX 2025/10/20 20:18:47] Fixture Examples/Fan.lxf: Strip may not specify a negative spacing
[LX 2025/10/20 20:18:47] Fixture Examples/Fan.lxf: Strip may not specify a negative spacing
[LX 2025/10/20 20:18:47] Fixture Examples/Fan.lxf: Strip may not specify a negative spacing
[LX 2025/10/20 20:18:47] Fixture Examples/Fan.lxf: Strip may not specify a negative spacing
[LX 2025/10/20 20:18:47] Fixture Examples/Fan.lxf: Strip may not specify a negative spacing
[LX 2025/10/20 20:18:47] Fixture Examples/Fan.lxf: Strip may not specify a negative spacing
[LX 2025/10/20 20:18:47] Fixture Examples/Fan.lxf: Strip may not specify a negative spacing
[LX 2025/10/20 20:18:47] Fixture Examples/Fan.lxf: Strip may not specify a negative spacing
[LX 2025/10/20 20:18:47] Fixture Examples/Fan.lxf: Strip may not specify a negative spacing
[LX 2025/10/20 20:18:47] Fixture Examples/Fan.lxf: Strip may not specify a negative spacing
[LX 2025/10/20 20:18:47] Fixture Examples/Fan.lxf: Strip may not specify a negative spacing
[LX 2025/10/20 20:18:47] Fixture Examples/Fan.lxf: Strip may not specify a negative spacing
[LX 2025/10/20 20:18:47] Fixture Examples/Fan.lxf: Strip may not specify a negative spacing
[LX 2025/10/20 20:18:47] Fixture Examples/Fan.lxf: Strip may not specify a negative spacing
[LX 2025/10/20 20:18:47] Fixture Examples/Fan.lxf: Strip may not specify a negative spacing
[LX 2025/10/20 20:18:47] Fixture Examples/Fan.lxf: Strip may not specify a negative spacing
[LX 2025/10/20 20:18:47] Fixture Examples/Fan.lxf: Strip may not specify a negative spacing
[LX 2025/10/20 20:18:47] Fixture Examples/Fan.lxf: Strip may not specify a negative spacing
[LX 2025/10/20 20:18:47] Fixture Examples/Fan.lxf: Strip may not specify a negative spacing
[LX 2025/10/20 20:18:47] Fixture Examples/Fan.lxf: Strip may not specify a negative spacing
[LX 2025/10/20 20:18:47] Fixture Examples/Fan.lxf: Strip may not specify a negative spacing
[LX 2025/10/20 20:18:47] Fixture Examples/Fan.lxf: Strip may not specify a negative spacing
[LX 2025/10/20 20:18:47] Fixture Examples/Fan.lxf: Strip may not specify a negative spacing
[LX 2025/10/20 20:18:47] Fixture Examples/Fan.lxf: Strip may not specify a negative spacing
[LX 2025/10/20 20:18:47] Fixture Examples/Fan.lxf: Strip may not specify a negative spacing
[LX 2025/10/20 20:18:47] Fixture Examples/Fan.lxf: Strip may not specify a negative spacing
[LX 2025/10/20 20:18:47] Fixture Examples/Fan.lxf: Strip may not specify a negative spacing
[LX 2025/10/20 20:18:47] Fixture Examples/Fan.lxf: Strip may not specify a negative spacing
[LX 2025/10/20 20:18:47] Fixture Examples/Fan.lxf: Strip may not specify a negative spacing
[LX 2025/10/20 20:18:47] Fixture Examples/Fan.lxf: Strip may not specify a negative spacing
[LX 2025/10/20 20:18:47] Fixture Examples/Fan.lxf: Strip may not specify a negative spacing
[LX 2025/10/20 20:18:47] Fixture Examples/Fan.lxf: Strip may not specify a negative spacing
[LX 2025/10/20 20:18:47] Fixture Examples/Fan.lxf: Strip may not specify a negative spacing
[LX 2025/10/20 20:18:47] Fixture Examples/Fan.lxf: Strip may not specify a negative spacing
[LX 2025/10/20 20:18:47] Fixture Examples/Fan.lxf: Strip may not specify a negative spacing
[LX 2025/10/20 20:18:47] Fixture Examples/Fan.lxf: Strip may not specify a negative spacing
[LX 2025/10/20 20:18:47] Fixture Examples/Fan.lxf: Strip may not specify a negative spacing
[LX 2025/10/20 20:18:47] Fixture Examples/Fan.lxf: Strip may not specify a negative spacing
[LX 2025/10/20 20:18:47] Fixture Examples/Fan.lxf: Strip may not specify a negative spacing
[LX 2025/10/20 20:18:47] Fixture Examples/Fan.lxf: Strip may not specify a negative spacing
[LX 2025/10/20 20:18:47] Fixture Examples/Fan.lxf: Strip may not specify a negative spacing
[LX 2025/10/20 20:18:47] Fixture Examples/Fan.lxf: Strip may not specify a negative spacing
[LX 2025/10/20 20:18:47] Fixture Examples/Fan.lxf: Strip may not specify a negative spacing
[LX 2025/10/20 20:18:47] Fixture Examples/Fan.lxf: Strip may not specify a negative spacing
[LX 2025/10/20 20:18:47] Fixture Examples/Fan.lxf: Strip may not specify a negative spacing
[LX 2025/10/20 20:18:47] Fixture Examples/Fan.lxf: Strip may not specify a negative spacing
[LX 2025/10/20 20:18:47] Fixture Examples/Fan.lxf: Strip may not specify a negative spacing
[LX 2025/10/20 20:18:47] Fixture Examples/Fan.lxf: Strip may not specify a negative spacing
[LX 2025/10/20 20:18:47] Fixture Examples/Fan.lxf: Strip may not specify a negative spacing
[LX 2025/10/20 20:18:47] Fixture Examples/Fan.lxf: Strip may not specify a negative spacing
[LX 2025/10/20 20:18:47] Fixture Examples/Fan.lxf: Strip may not specify a negative spacing
[LX 2025/10/20 20:18:47] Fixture Examples/Fan.lxf: Strip may not specify a negative spacing
[LX 2025/10/20 20:18:47] Fixture Examples/Fan.lxf: Strip may not specify a negative spacing
[LX 2025/10/20 20:18:47] Fixture Examples/Fan.lxf: Strip may not specify a negative spacing
[LX 2025/10/20 20:18:47] Fixture Examples/Fan.lxf: Strip may not specify a negative spacing
[LX 2025/10/20 20:18:47] Fixture Examples/Fan.lxf: Strip may not specify a negative spacing
[LX 2025/10/20 20:18:47] Fixture Examples/Fan.lxf: Strip may not specify a negative spacing
[LX 2025/10/20 20:18:47] Fixture Examples/Fan.lxf: Strip may not specify a negative spacing
[LX 2025/10/20 20:18:47] Fixture Examples/Fan.lxf: Strip may not specify a negative spacing
[LX 2025/10/20 20:18:47] Fixture Examples/Fan.lxf: Strip may not specify a negative spacing
[LX 2025/10/20 20:18:47] Fixture Examples/Fan.lxf: Strip may not specify a negative spacing
[LX 2025/10/20 20:18:47] Fixture Examples/Fan.lxf: Strip may not specify a negative spacing
[LX 2025/10/20 20:18:47] Fixture Examples/Fan.lxf: Strip may not specify a negative spacing
[LX 2025/10/20 20:18:47] Fixture Examples/Fan.lxf: Strip may not specify a negative spacing
[LX 2025/10/20 20:18:47] Fixture Examples/Fan.lxf: Strip may not specify a negative spacing
[LX 2025/10/20 20:18:47] Fixture Examples/Fan.lxf: Strip may not specify a negative spacing
[LX 2025/10/20 20:18:47] Fixture Examples/Fan.lxf: Strip may not specify a negative spacing
[LX 2025/10/20 20:18:47] Fixture Examples/Fan.lxf: Strip may not specify a negative spacing
[LX 2025/10/20 20:18:47] Fixture Examples/Fan.lxf: Strip may not specify a negative spacing
[LX 2025/10/20 20:18:47] Fixture Examples/Fan.lxf: Strip may not specify a negative spacing
[LX 2025/10/20 20:18:47] Fixture Examples/Fan.lxf: Strip may not specify a negative spacing
[LX 2025/10/20 20:18:47] Fixture Examples/Fan.lxf: Strip may not specify a negative spacing
[LX 2025/10/20 20:18:47] Fixture Examples/Fan.lxf: Strip may not specify a negative spacing
[LX 2025/10/20 20:18:47] Fixture Examples/Fan.lxf: Strip may not specify a negative spacing
[LX 2025/10/20 20:18:47] Fixture Examples/Fan.lxf: Strip may not specify a negative spacing
[LX 2025/10/20 20:18:47] Fixture Examples/Fan.lxf: Strip may not specify a negative spacing
[LX 2025/10/20 20:18:47] Fixture Examples/Fan.lxf: Strip may not specify a negative spacing
[LX 2025/10/20 20:18:47] Fixture Examples/Fan.lxf: Strip may not specify a negative spacing
[LX 2025/10/20 20:18:47] Fixture Examples/Fan.lxf: Strip may not specify a negative spacing
[LX 2025/10/20 20:18:47] Fixture Examples/Fan.lxf: Strip may not specify a negative spacing
[LX 2025/10/20 20:18:47] Fixture Examples/Fan.lxf: Strip may not specify a negative spacing
[LX 2025/10/20 20:18:47] Fixture Examples/Fan.lxf: Strip may not specify a negative spacing
[LX 2025/10/20 20:18:47] Fixture Examples/Fan.lxf: Strip may not specify a negative spacing
[LX 2025/10/20 20:18:47] Fixture Examples/Fan.lxf: Strip may not specify a negative spacing
[LX 2025/10/20 20:18:47] Fixture Examples/Fan.lxf: Strip may not specify a negative spacing
[LX 2025/10/20 20:18:47] Fixture Examples/Fan.lxf: Strip may not specify a negative spacing
[LX 2025/10/20 20:18:47] Fixture Examples/Fan.lxf: Strip may not specify a negative spacing
[LX 2025/10/20 20:18:47] Fixture Examples/Fan.lxf: Strip may not specify a negative spacing
[LX 2025/10/20 20:18:47] Fixture Examples/Fan.lxf: Strip may not specify a negative spacing
[LX 2025/10/20 20:18:47] Fixture Examples/Fan.lxf: Strip may not specify a negative spacing
[LX 2025/10/20 20:18:47] Fixture Examples/Fan.lxf: Strip may not specify a negative spacing
[LX 2025/10/20 20:18:47] Fixture Examples/Fan.lxf: Strip may not specify a negative spacing
[LX 2025/10/20 20:18:47] Fixture Examples/Fan.lxf: Strip may not specify a negative spacing
[LX 2025/10/20 20:18:47] Fixture Examples/Fan.lxf: Strip may not specify a negative spacing
[LX 2025/10/20 20:18:47] Fixture Examples/Fan.lxf: Strip may not specify a negative spacing
[LX 2025/10/20 20:18:47] Fixture Examples/Fan.lxf: Strip may not specify a negative spacing
[LX 2025/10/20 20:18:47] Fixture Examples/Fan.lxf: Strip may not specify a negative spacing
[LX 2025/10/20 20:18:47] Fixture Examples/Fan.lxf: Strip may not specify a negative spacing
[LX 2025/10/20 20:18:47] Fixture Examples/Fan.lxf: Strip may not specify a negative spacing
[LX 2025/10/20 20:18:47] Fixture Examples/Fan.lxf: Strip may not specify a negative spacing
[LX 2025/10/20 20:18:47] Fixture Examples/Fan.lxf: Strip may not specify a negative spacing
[LX 2025/10/20 20:18:47] Fixture Examples/Fan.lxf: Strip may not specify a negative spacing
[LX 2025/10/20 20:18:47] Fixture Examples/Fan.lxf: Strip may not specify a negative spacing
[LX 2025/10/20 20:18:47] Fixture Examples/Fan.lxf: Strip may not specify a negative spacing
[LX 2025/10/20 20:18:47] Fixture Examples/Fan.lxf: Strip may not specify a negative spacing
[LX 2025/10/20 20:18:47] Fixture Examples/Fan.lxf: Strip may not specify a negative spacing
[LX 2025/10/20 20:18:47] Fixture Examples/Fan.lxf: Strip may not specify a negative spacing
[LX 2025/10/20 20:18:47] Fixture Examples/Fan.lxf: Strip may not specify a negative spacing
[LX 2025/10/20 20:18:47] Fixture Examples/Fan.lxf: Strip may not specify a negative spacing
[LX 2025/10/20 20:18:47] Fixture Examples/Fan.lxf: Strip may not specify a negative spacing
[LX 2025/10/20 20:18:47] Fixture Examples/Fan.lxf: Strip may not specify a negative spacing
[LX 2025/10/20 20:18:47] Fixture Examples/Fan.lxf: Strip may not specify a negative spacing
[LX 2025/10/20 20:18:47] Fixture Examples/Fan.lxf: Strip may not specify a negative spacing
[LX 2025/10/20 20:18:47] Fixture Examples/Fan.lxf: Strip may not specify a negative spacing
[LX 2025/10/20 20:18:47] Fixture Examples/Fan.lxf: Strip may not specify a negative spacing
[LX 2025/10/20 20:18:47] Fixture Examples/Fan.lxf: Strip may not specify a negative spacing
[LX 2025/10/20 20:18:47] Fixture Examples/Fan.lxf: Strip may not specify a negative spacing
[LX 2025/10/20 20:18:47] Fixture Examples/Fan.lxf: Strip may not specify a negative spacing
[LX 2025/10/20 20:18:47] Fixture Examples/Fan.lxf: Strip may not specify a negative spacing
[LX 2025/10/20 20:18:47] Fixture Examples/Fan.lxf: Strip may not specify a negative spacing
[LX 2025/10/20 20:18:47] Fixture Examples/Fan.lxf: Strip may not specify a negative spacing
[LX 2025/10/20 20:18:47] Fixture Examples/Fan.lxf: Strip may not specify a negative spacing
[LX 2025/10/20 20:18:47] Fixture Examples/Fan.lxf: Strip may not specify a negative spacing
[LX 2025/10/20 20:18:47] Fixture Examples/Fan.lxf: Strip may not specify a negative spacing
[LX 2025/10/20 20:18:47] Fixture Examples/Fan.lxf: Strip may not specify a negative spacing
[LX 2025/10/20 20:18:47] Fixture Examples/Fan.lxf: Strip may not specify a negative spacing
[LX 2025/10/20 20:18:47] Fixture Examples/Fan.lxf: Strip may not specify a negative spacing
[LX 2025/10/20 20:18:47] Fixture Examples/Fan.lxf: Strip may not specify a negative spacing
[LX 2025/10/20 20:18:47] Fixture Examples/Fan.lxf: Strip may not specify a negative spacing
[LX 2025/10/20 20:18:47] Fixture Examples/Fan.lxf: Strip may not specify a negative spacing
[LX 2025/10/20 20:18:47] Fixture Examples/Fan.lxf: Strip may not specify a negative spacing
[LX 2025/10/20 20:18:47] Fixture Examples/Fan.lxf: Strip may not specify a negative spacing
[LX 2025/10/20 20:18:47] Fixture Examples/Fan.lxf: Strip may not specify a negative spacing
[LX 2025/10/20 20:18:47] Fixture Examples/Fan.lxf: Strip may not specify a negative spacing
[LX 2025/10/20 20:18:47] Fixture Examples/Fan.lxf: Strip may not specify a negative spacing
[LX 2025/10/20 20:18:47] Fixture Examples/Fan.lxf: Strip may not specify a negative spacing
[LX 2025/10/20 20:18:47] Fixture Examples/Fan.lxf: Strip may not specify a negative spacing
[LX 2025/10/20 20:18:47] Fixture Examples/Fan.lxf: Strip may not specify a negative spacing
[LX 2025/10/20 20:18:47] Fixture Examples/Fan.lxf: Strip may not specify a negative spacing
[LX 2025/10/20 20:18:47] Fixture Examples/Fan.lxf: Strip may not specify a negative spacing
[LX 2025/10/20 20:18:47] Fixture Examples/Fan.lxf: Strip may not specify a negative spacing
[LX 2025/10/20 20:18:47] Fixture Examples/Fan.lxf: Strip may not specify a negative spacing
[LX 2025/10/20 20:18:47] Fixture Examples/Fan.lxf: Strip may not specify a negative spacing
[LX 2025/10/20 20:18:47] Fixture Examples/Fan.lxf: Strip may not specify a negative spacing
[LX 2025/10/20 20:18:47] Fixture Examples/Fan.lxf: Strip may not specify a negative spacing
[LX 2025/10/20 20:18:47] Fixture Examples/Fan.lxf: Strip may not specify a negative spacing
[LX 2025/10/20 20:18:47] Fixture Examples/Fan.lxf: Strip may not specify a negative spacing
[LX 2025/10/20 20:18:47] Fixture Examples/Fan.lxf: Strip may not specify a negative spacing
[LX 2025/10/20 20:18:47] Fixture Examples/Fan.lxf: Strip may not specify a negative spacing
[LX 2025/10/20 20:18:47] Fixture Examples/Fan.lxf: Strip may not specify a negative spacing
[LX 2025/10/20 20:18:47] Fixture Examples/Fan.lxf: Strip may not specify a negative spacing
[LX 2025/10/20 20:18:47] Fixture Examples/Fan.lxf: Strip may not specify a negative spacing
[LX 2025/10/20 20:18:47] Fixture Examples/Fan.lxf: Strip may not specify a negative spacing
[LX 2025/10/20 20:18:47] Fixture Examples/Fan.lxf: Strip may not specify a negative spacing
[LX 2025/10/20 20:18:47] Fixture Examples/Fan.lxf: Strip may not specify a negative spacing
[LX 2025/10/20 20:18:47] Fixture Examples/Fan.lxf: Strip may not specify a negative spacing
[LX 2025/10/20 20:18:47] Fixture Examples/Fan.lxf: Strip may not specify a negative spacing
[LX 2025/10/20 20:18:47] Fixture Examples/Fan.lxf: Strip may not specify a negative spacing
[LX 2025/10/20 20:18:47] Fixture Examples/Fan.lxf: Strip may not specify a negative spacing
[LX 2025/10/20 20:18:47] Fixture Examples/Fan.lxf: Strip may not specify a negative spacing
[LX 2025/10/20 20:18:47] Fixture Examples/Fan.lxf: Strip may not specify a negative spacing
[LX 2025/10/20 20:18:47] Fixture Examples/Fan.lxf: Strip may not specify a negative spacing
[LX 2025/10/20 20:18:47] Fixture Examples/Fan.lxf: Strip may not specify a negative spacing
[LX 2025/10/20 20:18:47] Fixture Examples/Fan.lxf: Strip may not specify a negative spacing
[LX 2025/10/20 20:18:47] Fixture Examples/Fan.lxf: Strip may not specify a negative spacing
[LX 2025/10/20 20:18:47] Fixture Examples/Fan.lxf: Strip may not specify a negative spacing
[LX 2025/10/20 20:18:47] Fixture Examples/Fan.lxf: Strip may not specify a negative spacing
[LX 2025/10/20 20:18:47] Fixture Examples/Fan.lxf: Strip may not specify a negative spacing
[LX 2025/10/20 20:18:47] Fixture Examples/Fan.lxf: Strip may not specify a negative spacing
[LX 2025/10/20 20:18:47] Fixture Examples/Fan.lxf: Strip may not specify a negative spacing
[LX 2025/10/20 20:18:47] Fixture Examples/Fan.lxf: Strip may not specify a negative spacing
[LX 2025/10/20 20:18:47] Fixture Examples/Fan.lxf: Strip may not specify a negative spacing
[LX 2025/10/20 20:18:47] Fixture Examples/Fan.lxf: Strip may not specify a negative spacing
[LX 2025/10/20 20:18:47] Fixture Examples/Fan.lxf: Strip may not specify a negative spacing
[LX 2025/10/20 20:18:47] Fixture Examples/Fan.lxf: Strip may not specify a negative spacing
[LX 2025/10/20 20:18:47] Fixture Examples/Fan.lxf: Strip may not specify a negative spacing
[LX 2025/10/20 20:18:47] Fixture Examples/Fan.lxf: Strip may not specify a negative spacing
[LX 2025/10/20 20:18:47] Fixture Examples/Fan.lxf: Strip may not specify a negative spacing
[LX 2025/10/20 20:18:47] Fixture Examples/Fan.lxf: Strip may not specify a negative spacing
[LX 2025/10/20 20:18:47] Fixture Examples/Fan.lxf: Strip may not specify a negative spacing
[LX 2025/10/20 20:18:47] Fixture Examples/Fan.lxf: Strip may not specify a negative spacing
[LX 2025/10/20 20:18:47] Fixture Examples/Fan.lxf: Strip may not specify a negative spacing
[LX 2025/10/20 20:18:47] Fixture Examples/Fan.lxf: Strip may not specify a negative spacing
[LX 2025/10/20 20:18:47] Fixture Examples/Fan.lxf: Strip may not specify a negative spacing
[LX 2025/10/20 20:18:47] Fixture Examples/Fan.lxf: Strip may not specify a negative spacing
[LX 2025/10/20 20:18:47] Fixture Examples/Fan.lxf: Strip may not specify a negative spacing
[LX 2025/10/20 20:18:47] Fixture Examples/Fan.lxf: Strip may not specify a negative spacing
[LX 2025/10/20 20:18:47] Fixture Examples/Fan.lxf: Strip may not specify a negative spacing
[LX 2025/10/20 20:18:47] Fixture Examples/Fan.lxf: Strip may not specify a negative spacing
[LX 2025/10/20 20:18:47] Fixture Examples/Fan.lxf: Strip may not specify a negative spacing
[LX 2025/10/20 20:18:47] Fixture Examples/Fan.lxf: Strip may not specify a negative spacing
[LX 2025/10/20 20:18:47] Fixture Examples/Fan.lxf: Strip may not specify a negative spacing
[LX 2025/10/20 20:18:47] Fixture Examples/Fan.lxf: Strip may not specify a negative spacing
[LX 2025/10/20 20:18:47] Fixture Examples/Fan.lxf: Strip may not specify a negative spacing
[LX 2025/10/20 20:18:47] Fixture Examples/Fan.lxf: Strip may not specify a negative spacing
[LX 2025/10/20 20:18:47] Fixture Examples/Fan.lxf: Strip may not specify a negative spacing
[LX 2025/10/20 20:18:47] Fixture Examples/Fan.lxf: Strip may not specify a negative spacing
[LX 2025/10/20 20:18:47] Fixture Examples/Fan.lxf: Strip may not specify a negative spacing
[LX 2025/10/20 20:18:47] Fixture Examples/Fan.lxf: Strip may not specify a negative spacing
[LX 2025/10/20 20:18:47] Fixture Examples/Fan.lxf: Strip may not specify a negative spacing
[LX 2025/10/20 20:18:47] Fixture Examples/Fan.lxf: Strip may not specify a negative spacing
[LX 2025/10/20 20:18:47] Fixture Examples/Fan.lxf: Strip may not specify a negative spacing
[LX 2025/10/20 20:18:47] Fixture Examples/Fan.lxf: Strip may not specify a negative spacing
[LX 2025/10/23 17:46:00] Project saved successfully to /Users/ben/Chromatik/Projects/Blinkydome2025_slac.lxp
[LX 2025/10/23 17:53:25] Project saved successfully to /Users/ben/Chromatik/Projects/Blinkydome2025_slac.lxp
[LX 2025/10/23 18:07:19] Project saved successfully to /Users/ben/Chromatik/Projects/Blinkydome2025_slac.lxp
[LX 2025/10/23 18:16:20] Project saved successfully to /Users/ben/Chromatik/Projects/Blinkydome2025_slac.lxp
[LX 2025/10/25 14:55:42] Project saved successfully to /Users/ben/Chromatik/Projects/Blinkydome2025_wiskers.lxp
[LX 2025/10/25 15:24:34] Project saved successfully to /Users/ben/Chromatik/Projects/Blinkydome2025_wiskers.lxp
[GLX 2025/10/25 22:25:55] Stopping LX engine...
[LX 2025/10/25 22:25:55] LXEngine.ExecutorService has finished.
[LX 2025/10/25 22:25:55] [MIDI] LXMidiEngine Device Update Thread finished.
[GLX 2025/10/25 22:25:55] Done with main thread, GLX shutdown complete. Thanks for playing. <3
